"","bearyear.sampled","Bear.Id","Year","Follicles","Cortisol.kit","year.sampled","year.represent","bearyear.represent","sex","age","reprostatus.represent","CORT_corrected","fFOL"
"8","W0004_2004","W0004",2004,2,2,2004,2003,"W0004_2003","F",10,"WithCubs",6.34,"2"
"11","W0004_2009","W0004",2009,2,2,2009,2008,"W0004_2008","F",15,"SolitaryF",11.02,"2"
"13","W0006_2000","W0006",2000,1,1,2000,1999,"W0006_1999","M",1,"WithMother",5.14,"1"
"14","W0007_2000","W0007",2000,1,1,2000,1999,"W0007_1999","M",1,"WithMother",4.35,"1"
"15","W0008_2000","W0008",2000,2,1,2000,1999,"W0008_1999","F",1,"WithMother",4.16,"2"
"16","W0009_2000","W0009",2000,2,1,2000,1999,"W0009_1999","M",1,"WithMother",3.52,"2"
"17","W0010_2000","W0010",2000,2,1,2000,1999,"W0010_1999","F",1,"WithMother",4.14,"2"
"18","W0010_2002","W0010",2002,2,1,2002,2001,"W0010_2001","F",3,"SolitaryF",4,"2"
"19","W0010_2003","W0010",2003,1,1,2003,2002,"W0010_2002","F",4,"SolitaryF",2.52,"1"
"20","W0010_2006","W0010",2006,2,2,2006,2005,"W0010_2005","F",7,"WithCubs",8.1,"2"
"22","W0011_2000","W0011",2000,1,1,2000,1999,"W0011_1999","M",1,"WithMother",3.52,"1"
"23","W0012_2000","W0012",2000,2,1,2000,1999,"W0012_1999","M",9,"SolitaryM",3.79,"2"
"29","W0012_2009","W0012",2009,1,2,2009,2008,"W0012_2008","M",18,"SolitaryM",17.22,"1"
"30","W0013_2000","W0013",2000,2,1,2000,1999,"W0013_1999","M",5,"SolitaryM",2.54,"2"
"34","W0013_2009","W0013",2009,1,2,2009,2008,"W0013_2008","M",14,"SolitaryM",6.58,"1"
"35","W0013_2010","W0013",2010,2,2,2010,2009,"W0013_2009","M",15,"SolitaryM",5.05,"2"
"36","W0013_2011","W0013",2011,1,2,2011,2010,"W0013_2010","M",16,"SolitaryM",13.59,"1"
"37","W0014_2000","W0014",2000,1,1,2000,1999,"W0014_1999","M",1,"WithMother",3.19,"1"
"39","W0015_2000","W0015",2000,1,1,2000,1999,"W0015_1999","F",1,"WithMother",3.43,"1"
"42","W0016_2000","W0016",2000,2,1,2000,1999,"W0016_1999","M",6,"SolitaryM",2.81,"2"
"43","W0017_2000","W0017",2000,1,1,2000,1999,"W0017_1999","M",1,"WithMother",3.52,"1"
"44","W0018_2000","W0018",2000,2,1,2000,1999,"W0018_1999","F",1,"WithMother",3.92,"2"
"45","W0018_2003","W0018",2003,2,1,2003,2002,"W0018_2002","F",4,"SolitaryF",4.57,"2"
"46","W0018_2005","W0018",2005,2,1,2005,2004,"W0018_2004","F",6,"WithCubs",5.15,"2"
"47","W0018_2007","W0018",2007,1,2,2007,2006,"W0018_2006","F",8,"WithCubs",6.87,"1"
"48","W0019_2000","W0019",2000,2,1,2000,1999,"W0019_1999","F",1,"WithMother",3.73,"2"
"49","W0020_2000","W0020",2000,2,1,2000,1999,"W0020_1999","F",1,"WithMother",4.93,"2"
"50","W0021_2000","W0021",2000,1,2,2000,1999,"W0021_1999","F",1,"WithMother",7.45,"1"
"51","W0021_2003","W0021",2003,1,1,2003,2002,"W0021_2002","F",4,"SolitaryF",3.68,"1"
"52","W0021_2003","W0021",2003,1,1,2003,2002,"W0021_2002","F",4,"SolitaryF",5.73,"1"
"53","W0022_2000","W0022",2000,1,2,2000,1999,"W0022_1999","M",1,"WithMother",12.57,"1"
"54","W0023_2000","W0023",2000,0,2,2000,1999,"W0023_1999","M",1,"WithMother",5.7,"0"
"55","W0024_2000","W0024",2000,1,1,2000,1999,"W0024_1999","M",1,"WithMother",3.98,"1"
"56","W0025_2000","W0025",2000,1,1,2000,1999,"W0025_1999","F",1,"WithMother",4.2,"1"
"60","W0101_2009","W0101",2009,0,2,2009,2008,"W0101_2008","M",11,"SolitaryM",7.84,"0"
"66","W0104_2006","W0104",2006,2,2,2006,2005,"W0104_2005","F",6,"WithCubs",11.35,"2"
"67","W0104_2010","W0104",2010,2,2,2010,2009,"W0104_2009","F",10,"WithCubs",5.64,"2"
"68","W0104_2012","W0104",2012,1,2,2012,2011,"W0104_2011","F",12,"WithCubs",9.39,"1"
"69","W0104_2015","W0104",2015,0,2,2015,2014,"W0104_2014","F",15,"WithCubs",11.16,"0"
"70","W0104_2016","W0104",2016,2,2,2016,2015,"W0104_2015","F",16,"WithCubs",8.9,"2"
"78","W0107_2007","W0107",2007,2,2,2007,2006,"W0107_2006","F",7,"WithCubs",8.71,"2"
"79","W0107_2009","W0107",2009,2,2,2009,2008,"W0107_2008","F",9,"WithCubs",12.44,"2"
"81","W0108_2009","W0108",2009,1,2,2009,2008,"W0108_2008","M",19,"SolitaryM",11.42,"1"
"84","W0109_2004","W0109",2004,1,1,2004,2003,"W0109_2003","F",10,"WithCubs",4.77,"1"
"86","W0111_2001","W0111",2001,1,1,2001,2000,"W0111_2000","M",7,"SolitaryM",3.34,"1"
"87","W0112_2001","W0112",2001,2,2,2001,2000,"W0112_2000","M",1,"WithMother",8.83,"2"
"88","W0113_2001","W0113",2001,1,2,2001,2000,"W0113_2000","M",1,"WithMother",10.46,"1"
"89","W0114_2001","W0114",2001,1,2,2001,2000,"W0114_2000","M",1,"WithMother",11.02,"1"
"90","W0115_2001","W0115",2001,1,1,2001,2000,"W0115_2000","M",1,"WithMother",3.46,"1"
"91","W0116_2001","W0116",2001,1,1,2001,2000,"W0116_2000","M",1,"WithMother",3.98,"1"
"92","W0117_2001","W0117",2001,1,1,2001,2000,"W0117_2000","F",1,"WithMother",4.97,"1"
"93","W0118_2001","W0118",2001,1,1,2001,2000,"W0118_2000","M",1,"WithMother",4.97,"1"
"94","W0119_2001","W0119",2001,2,1,2001,2000,"W0119_2000","M",1,"WithMother",4.74,"2"
"97","W0120_2003","W0120",2003,0,1,2003,2002,"W0120_2002","F",4,"SolitaryF",5.24,"0"
"108","W0208_2004","W0208",2004,2,1,2004,2003,"W0208_2003","F",3,"SolitaryF",3.46,"2"
"109","W0208_2005","W0208",2005,2,1,2005,2004,"W0208_2004","F",4,"SolitaryF",4.87,"2"
"112","W0209_2005","W0209",2005,2,1,2005,2004,"W0209_2004","F",4,"SolitaryF",3.83,"2"
"113","W0209_2007","W0209",2007,2,2,2007,2006,"W0209_2006","F",6,"WithCubs",7.97,"2"
"115","W0210_2010","W0210",2010,2,2,2010,2009,"W0210_2009","M",9,"SolitaryM",4.92,"2"
"118","W0212_2005","W0212",2005,2,1,2005,2004,"W0212_2004","F",4,"SolitaryF",5.73,"2"
"119","W0212_2006","W0212",2006,1,1,2006,2005,"W0212_2005","F",5,"SolitaryF",3.13,"1"
"120","W0212_2007","W0212",2007,2,1,2007,2006,"W0212_2006","F",6,"SolitaryF",3.82,"2"
"126","W0217_2004","W0217",2004,2,1,2004,2003,"W0217_2003","F",3,"SolitaryF",3.49,"2"
"127","W0217_2005","W0217",2005,2,1,2005,2004,"W0217_2004","F",4,"SolitaryF",4.11,"2"
"128","W0217_2006","W0217",2006,1,1,2006,2005,"W0217_2005","F",5,"SolitaryF",3.16,"1"
"131","W0217_2011","W0217",2011,1,2,2011,2010,"W0217_2010","F",10,"WithCubs",15,"1"
"132","W0217_2013","W0217",2013,1,2,2013,2012,"W0217_2012","F",12,"WithCubs",7.59,"1"
"135","W0219_2005","W0219",2005,1,1,2005,2004,"W0219_2004","F",4,"SolitaryF",5.33,"1"
"136","W0219_2010","W0219",2010,2,2,2010,2009,"W0219_2009","F",9,"SolitaryF",8.4,"2"
"137","W0219_2011","W0219",2011,1,2,2011,2010,"W0219_2010","F",10,"WithCubs",10.76,"1"
"142","W0221_2005","W0221",2005,2,1,2005,2004,"W0221_2004","F",4,"SolitaryF",4.9,"2"
"144","W0222_2005","W0222",2005,0,1,2005,2004,"W0222_2004","M",4,"SolitaryM",4.92,"0"
"148","W0226_2002","W0226",2002,1,1,2002,2001,"W0226_2001","M",11,"SolitaryM",2.77,"1"
"149","W0226_2003","W0226",2003,0,1,2003,2002,"W0226_2002","M",12,"SolitaryM",3.73,"0"
"152","W0228_2009","W0228",2009,1,2,2009,2008,"W0228_2008","M",11,"SolitaryM",7,"1"
"155","W0229_2006","W0229",2006,2,2,2006,2005,"W0229_2005","F",8,"WithCubs",8.82,"2"
"156","W0229_2009","W0229",2009,2,2,2009,2008,"W0229_2008","F",11,"WithCubs",16.75,"2"
"162","W0231_2009","W0231",2009,1,2,2009,2008,"W0231_2008","F",17,"WithCubs",8.8,"1"
"171","W0237_2004","W0237",2004,2,2,2004,2003,"W0237_2003","F",7,"WithCubs",6.57,"2"
"173","W0237_2010","W0237",2010,2,2,2010,2009,"W0237_2009","F",13,"WithCubs",16.8,"2"
"175","W0301_2003","W0301",2003,2,2,2003,2002,"W0301_2002","M",1,"WithMother",9.94,"2"
"176","W0302_2003","W0302",2003,1,2,2003,2002,"W0302_2002","M",1,"WithMother",8.86,"1"
"177","W0303_2003","W0303",2003,0,1,2003,2002,"W0303_2002","F",1,"WithMother",4.24,"0"
"178","W0303_2005","W0303",2005,0,1,2005,2004,"W0303_2004","F",3,"SolitaryF",4.54,"0"
"179","W0303_2007","W0303",2007,2,1,2007,2006,"W0303_2006","F",5,"SolitaryF",3.34,"2"
"180","W0303_2011","W0303",2011,2,2,2011,2010,"W0303_2010","F",9,"WithCubs",7.03,"2"
"181","W0303_2013","W0303",2013,1,2,2013,2012,"W0303_2012","F",11,"WithCubs",14.51,"1"
"186","W0308_2003","W0308",2003,2,2,2003,2002,"W0308_2002","M",1,"WithMother",10.3,"2"
"187","W0309_2003","W0309",2003,2,2,2003,2002,"W0309_2002","F",1,"WithMother",13.43,"2"
"188","W0310_2003","W0310",2003,0,1,2003,2002,"W0310_2002","M",1,"WithMother",5.08,"0"
"189","W0311_2003","W0311",2003,1,1,2003,2002,"W0311_2002","F",1,"WithMother",5.83,"1"
"190","W0312_2003","W0312",2003,1,1,2003,2002,"W0312_2002","M",1,"WithMother",6.66,"1"
"191","W0313_2003","W0313",2003,2,2,2003,2002,"W0313_2002","M",1,"WithMother",10.46,"2"
"192","W0314_2003","W0314",2003,1,2,2003,2002,"W0314_2002","M",1,"WithMother",9.26,"1"
"193","W0315_2003","W0315",2003,1,1,2003,2002,"W0315_2002","M",1,"WithMother",5.03,"1"
"194","W0316_2003","W0316",2003,1,1,2003,2002,"W0316_2002","M",1,"WithMother",7.1,"1"
"196","W0318_2003","W0318",2003,2,2,2003,2002,"W0318_2002","F",1,"WithMother",6.38,"2"
"197","W0319_2003","W0319",2003,1,2,2003,2002,"W0319_2002","M",1,"WithMother",10.47,"1"
"198","W0320_2003","W0320",2003,1,2,2003,2002,"W0320_2002","M",1,"WithMother",11.04,"1"
"199","W0321_2003","W0321",2003,2,2,2003,2002,"W0321_2002","M",1,"WithMother",13.53,"2"
"200","W0322_2003","W0322",2003,2,2,2003,2002,"W0322_2002","M",1,"WithMother",12.91,"2"
"206","W0326_2005","W0326",2005,2,2,2005,2004,"W0326_2004","F",12,"WithCubs",8.28,"2"
"208","W0326_2011","W0326",2011,2,2,2011,2010,"W0326_2010","F",18,"WithCubs",12.36,"2"
"211","W0401_2004","W0401",2004,1,1,2004,2003,"W0401_2003","F",1,"WithMother",4.39,"1"
"212","W0402_2004","W0402",2004,1,1,2004,2003,"W0402_2003","F",1,"WithMother",3.9,"1"
"213","W0402_2004","W0402",2004,1,1,2004,2003,"W0402_2003","F",1,"WithMother",4.35,"1"
"214","W0403_2004","W0403",2004,1,1,2004,2003,"W0403_2003","F",1,"WithMother",4.01,"1"
"215","W0404_2004","W0404",2004,1,1,2004,2003,"W0404_2003","M",1,"WithMother",3.61,"1"
"216","W0405_2004","W0405",2004,1,1,2004,2003,"W0405_2003","F",1,"WithMother",3.36,"1"
"221","W0408_2004","W0408",2004,1,2,2004,2003,"W0408_2003","M",1,"WithMother",8.66,"1"
"222","W0409_2004","W0409",2004,1,2,2004,2003,"W0409_2003","M",1,"WithMother",12.86,"1"
"223","W0410_2004","W0410",2004,1,2,2004,2003,"W0410_2003","F",1,"WithMother",12.18,"1"
"224","W0410_2006","W0410",2006,2,1,2006,2005,"W0410_2005","F",3,"SolitaryF",4.93,"2"
"225","W0410_2007","W0410",2007,2,1,2007,2006,"W0410_2006","F",4,"SolitaryF",2.78,"2"
"226","W0411_2004","W0411",2004,1,2,2004,2003,"W0411_2003","F",1,"WithMother",11.88,"1"
"227","W0411_2006","W0411",2006,0,1,2006,2005,"W0411_2005","F",3,"SolitaryF",3.43,"0"
"228","W0411_2007","W0411",2007,2,1,2007,2006,"W0411_2006","F",4,"SolitaryF",3.87,"2"
"230","W0411_2009","W0411",2009,1,2,2009,2008,"W0411_2008","F",6,"SolitaryF",8.47,"1"
"231","W0412_2004","W0412",2004,1,1,2004,2003,"W0412_2003","F",1,"WithMother",3.6,"1"
"232","W0413_2004","W0413",2004,1,1,2004,2003,"W0413_2003","M",1,"WithMother",4.22,"1"
"234","W0415_2004","W0415",2004,1,1,2004,2003,"W0415_2003","F",1,"WithMother",3.1,"1"
"235","W0415_2007","W0415",2007,2,1,2007,2006,"W0415_2006","F",4,"SolitaryF",2.6,"2"
"236","W0416_2004","W0416",2004,1,1,2004,2003,"W0416_2003","F",1,"WithMother",3.79,"1"
"237","W0416_2007","W0416",2007,2,1,2007,2006,"W0416_2006","F",4,"SolitaryF",3.02,"2"
"238","W0417_2004","W0417",2004,2,1,2004,2003,"W0417_2003","M",1,"WithMother",4.79,"2"
"239","W0418_2004","W0418",2004,2,2,2004,2003,"W0418_2003","M",1,"WithMother",8.65,"2"
"240","W0419_2004","W0419",2004,2,2,2004,2003,"W0419_2003","F",1,"WithMother",12.88,"2"
"242","W0422_2004","W0422",2004,1,2,2004,2003,"W0422_2003","F",1,"WithMother",7.75,"1"
"246","W0422_2009","W0422",2009,2,2,2009,2008,"W0422_2008","F",6,"SolitaryF",8.8,"2"
"250","W0424_2010","W0424",2010,1,2,2010,2009,"W0424_2009","M",13,"SolitaryM",6.27,"1"
"252","W0425_2006","W0425",2006,1,2,2006,2005,"W0425_2005","F",6,"WithCubs",8.33,"1"
"254","W0425_2009","W0425",2009,2,2,2009,2008,"W0425_2008","F",9,"SolitaryF",8.28,"2"
"255","W0425_2011","W0425",2011,1,2,2011,2010,"W0425_2010","F",11,"WithCubs",9.74,"1"
"256","W0425_2013","W0425",2013,1,2,2013,2012,"W0425_2012","F",13,"WithCubs",10.86,"1"
"262","W0502_2005","W0502",2005,2,1,2005,2004,"W0502_2004","M",1,"WithMother",6.43,"2"
"263","W0503_2005","W0503",2005,2,1,2005,2004,"W0503_2004","F",1,"WithMother",5.39,"2"
"264","W0503_2007","W0503",2007,2,1,2007,2006,"W0503_2006","F",3,"SolitaryF",4.61,"2"
"266","W0503_2009","W0503",2009,2,2,2009,2008,"W0503_2008","F",5,"SolitaryF",7.79,"2"
"267","W0504_2005","W0504",2005,1,2,2005,2004,"W0504_2004","F",1,"WithMother",6.23,"1"
"268","W0504_2010","W0504",2010,2,2,2010,2009,"W0504_2009","F",6,"SolitaryF",4.43,"2"
"269","W0505_2005","W0505",2005,1,1,2005,2004,"W0505_2004","F",1,"WithMother",5.83,"1"
"270","W0506_2005","W0506",2005,1,1,2005,2004,"W0506_2004","M",1,"WithMother",6.89,"1"
"271","W0507_2005","W0507",2005,2,1,2005,2004,"W0507_2004","F",1,"WithMother",5.97,"2"
"272","W0507_2007","W0507",2007,2,1,2007,2006,"W0507_2006","F",3,"SolitaryF",2.72,"2"
"274","W0507_2009","W0507",2009,1,2,2009,2008,"W0507_2008","F",5,"SolitaryF",7.54,"1"
"275","W0508_2005","W0508",2005,1,1,2005,2004,"W0508_2004","F",1,"WithMother",7.32,"1"
"277","W0510_2005","W0510",2005,1,1,2005,2004,"W0510_2004","M",1,"WithMother",7.28,"1"
"278","W0511_2005","W0511",2005,2,1,2005,2004,"W0511_2004","F",1,"WithMother",8.55,"2"
"279","W0512_2005","W0512",2005,1,2,2005,2004,"W0512_2004","M",1,"WithMother",9.14,"1"
"281","W0514_2005","W0514",2005,1,2,2005,2004,"W0514_2004","M",1,"WithMother",11.56,"1"
"282","W0515_2005","W0515",2005,2,2,2005,2004,"W0515_2004","M",1,"WithMother",8.65,"2"
"284","W0517_2011","W0517",2011,2,2,2011,2010,"W0517_2010","F",10,"WithCubs",11.05,"2"
"286","W0601_2006","W0601",2006,2,2,2006,2005,"W0601_2005","M",1,"WithMother",10.02,"2"
"287","W0602_2006","W0602",2006,0,2,2006,2005,"W0602_2005","F",1,"WithMother",15.59,"0"
"289","W0604_2006","W0604",2006,1,2,2006,2005,"W0604_2005","M",1,"WithMother",8.31,"1"
"290","W0605_2006","W0605",2006,1,2,2006,2005,"W0605_2005","F",1,"WithMother",13.15,"1"
"291","W0605_2010","W0605",2010,2,2,2010,2009,"W0605_2009","F",5,"SolitaryF",3.78,"2"
"292","W0605_2011","W0605",2011,2,2,2011,2010,"W0605_2010","F",6,"SolitaryF",5.61,"2"
"293","W0605_2012","W0605",2012,2,2,2012,2011,"W0605_2011","F",7,"SolitaryF",5.2,"2"
"294","W0605_2013","W0605",2013,1,2,2013,2012,"W0605_2012","F",8,"WithCubs",8.18,"1"
"296","W0605_2016","W0605",2016,0,2,2016,2015,"W0605_2015","F",11,"WithCubs",8.27,"0"
"301","W0606_2006","W0606",2006,1,2,2006,2005,"W0606_2005","F",1,"WithMother",12.76,"1"
"305","W0610_2006","W0610",2006,1,2,2006,2005,"W0610_2005","F",1,"WithMother",10.05,"1"
"307","W0610_2009","W0610",2009,1,2,2009,2008,"W0610_2008","F",4,"SolitaryF",16.43,"1"
"308","W0610_2010","W0610",2010,2,2,2010,2009,"W0610_2009","F",5,"SolitaryF",5.52,"2"
"309","W0610_2010","W0610",2010,2,2,2010,2009,"W0610_2009","F",5,"SolitaryF",4.69,"2"
"310","W0610_2010","W0610",2010,1,2,2010,2009,"W0610_2009","F",5,"SolitaryF",5.52,"1"
"311","W0610_2010","W0610",2010,1,2,2010,2009,"W0610_2009","F",5,"SolitaryF",4.69,"1"
"312","W0610_2011","W0610",2011,2,2,2011,2010,"W0610_2010","F",6,"SolitaryF",5.69,"2"
"313","W0610_2012","W0610",2012,1,2,2012,2011,"W0610_2011","F",7,"SolitaryF",5.26,"1"
"314","W0610_2013","W0610",2013,1,2,2013,2012,"W0610_2012","F",8,"SolitaryF",9.85,"1"
"316","W0611_2006","W0611",2006,1,2,2006,2005,"W0611_2005","F",1,"WithMother",10.22,"1"
"317","W0611_2009","W0611",2009,2,2,2009,2008,"W0611_2008","F",4,"SolitaryF",8.32,"2"
"318","W0611_2010","W0611",2010,2,2,2010,2009,"W0611_2009","F",5,"SolitaryF",5.19,"2"
"319","W0611_2011","W0611",2011,2,2,2011,2010,"W0611_2010","F",6,"SolitaryF",5.83,"2"
"320","W0611_2012","W0611",2012,1,2,2012,2011,"W0611_2011","F",7,"SolitaryF",6.74,"1"
"321","W0611_2013","W0611",2013,1,2,2013,2012,"W0611_2012","F",8,"SolitaryF",13.91,"1"
"322","W0612_2006","W0612",2006,1,1,2006,2005,"W0612_2005","M",1,"WithMother",3.9,"1"
"324","W0612_2009","W0612",2009,1,2,2009,2008,"W0612_2008","M",4,"SolitaryM",9.03,"1"
"325","W0613_2006","W0613",2006,0,1,2006,2005,"W0613_2005","M",1,"WithMother",4.52,"0"
"327","W0614_2006","W0614",2006,2,1,2006,2005,"W0614_2005","M",1,"WithMother",6.13,"2"
"328","W0615_2006","W0615",2006,2,1,2006,2005,"W0615_2005","M",1,"WithMother",7.22,"2"
"330","W0616_2009","W0616",2009,1,2,2009,2008,"W0616_2008","F",4,"SolitaryF",8.81,"1"
"331","W0616_2010","W0616",2010,1,2,2010,2009,"W0616_2009","F",5,"SolitaryF",4.83,"1"
"333","W0618_2006","W0618",2006,2,2,2006,2005,"W0618_2005","M",1,"WithMother",9.66,"2"
"334","W0618_2007","W0618",2007,2,1,2007,2006,"W0618_2006","M",2,"WithMother",3.04,"2"
"335","W0619_2006","W0619",2006,1,2,2006,2005,"W0619_2005","M",1,"WithMother",7.54,"1"
"336","W0619_2007","W0619",2007,2,1,2007,2006,"W0619_2006","M",2,"WithMother",4.04,"2"
"339","W0620_2009","W0620",2009,2,2,2009,2008,"W0620_2008","F",4,"SolitaryF",9.21,"2"
"340","W0620_2012","W0620",2012,2,2,2012,2011,"W0620_2011","F",7,"WithCubs",8,"2"
"341","W0620_2013","W0620",2013,1,2,2013,2012,"W0620_2012","F",8,"SolitaryF",31.33,"1"
"343","W0620_2015","W0620",2015,0,2,2015,2014,"W0620_2014","F",10,"WithCubs",11.6,"0"
"344","W0621_2006","W0621",2006,2,1,2006,2005,"W0621_2005","F",1,"WithMother",4.53,"2"
"345","W0621_2009","W0621",2009,2,2,2009,2008,"W0621_2008","F",4,"SolitaryF",6.99,"2"
"346","W0621_2011","W0621",2011,1,2,2011,2010,"W0621_2010","F",6,"SolitaryF",7.05,"1"
"347","W0621_2013","W0621",2013,1,2,2013,2012,"W0621_2012","F",8,"WithCubs",27.41,"1"
"348","W0621_2016","W0621",2016,2,2,2016,2015,"W0621_2015","F",11,"WithCubs",10.74,"2"
"350","W0622_2006","W0622",2006,1,1,2006,2005,"W0622_2005","F",1,"WithMother",7.58,"1"
"351","W0622_2009","W0622",2009,1,2,2009,2008,"W0622_2008","F",4,"SolitaryF",13.05,"1"
"352","W0622_2010","W0622",2010,2,2,2010,2009,"W0622_2009","F",5,"SolitaryF",4.67,"2"
"353","W0623_2006","W0623",2006,2,1,2006,2005,"W0623_2005","F",1,"WithMother",5.4,"2"
"354","W0623_2009","W0623",2009,2,2,2009,2008,"W0623_2008","F",4,"SolitaryF",9.14,"2"
"355","W0623_2011","W0623",2011,1,2,2011,2010,"W0623_2010","F",6,"WithCubs",10.91,"1"
"357","W0623_2016","W0623",2016,0,2,2016,2015,"W0623_2015","F",11,"WithCubs",11.05,"0"
"361","W0624_2007","W0624",2007,2,1,2007,2006,"W0624_2006","F",18,"SolitaryF",2.76,"2"
"366","W0625_2009","W0625",2009,1,2,2009,2008,"W0625_2008","M",6,"SolitaryM",8.36,"1"
"367","W0625_2010","W0625",2010,2,2,2010,2009,"W0625_2009","M",7,"SolitaryM",3.76,"2"
"368","W0625_2011","W0625",2011,1,2,2011,2010,"W0625_2010","M",8,"SolitaryM",6.96,"1"
"369","W0625_2012","W0625",2012,1,2,2012,2011,"W0625_2011","M",9,"SolitaryM",5.52,"1"
"370","W0625_2013","W0625",2013,1,2,2013,2012,"W0625_2012","M",10,"SolitaryM",6.42,"1"
"372","W0626_2006","W0626",2006,2,1,2006,2005,"W0626_2005","F",6,"WithCubs",4.21,"2"
"373","W0626_2007","W0626",2007,2,1,2007,2006,"W0626_2006","F",7,"SolitaryF",3.04,"2"
"375","W0701_2007","W0701",2007,1,2,2007,2006,"W0701_2006","F",1,"WithMother",9.56,"1"
"376","W0702_2007","W0702",2007,1,2,2007,2006,"W0702_2006","F",1,"WithMother",9.94,"1"
"378","W0703_2007","W0703",2007,1,1,2007,2006,"W0703_2006","F",1,"WithMother",5.73,"1"
"379","W0703_2009","W0703",2009,2,2,2009,2008,"W0703_2008","F",3,"SolitaryF",6.48,"2"
"380","W0703_2010","W0703",2010,2,2,2010,2009,"W0703_2009","F",4,"SolitaryF",3.55,"2"
"381","W0703_2011","W0703",2011,1,2,2011,2010,"W0703_2010","F",5,"SolitaryF",4.3,"1"
"383","W0705_2007","W0705",2007,0,1,2007,2006,"W0705_2006","M",1,"WithMother",4.62,"0"
"384","W0706_2007","W0706",2007,1,1,2007,2006,"W0706_2006","F",1,"WithMother",4.62,"1"
"385","W0706_2010","W0706",2010,2,2,2010,2009,"W0706_2009","F",4,"SolitaryF",5.43,"2"
"387","W0706_2016","W0706",2016,0,2,2016,2015,"W0706_2015","F",10,"WithCubs",7.39,"0"
"390","W0707_2007","W0707",2007,2,1,2007,2006,"W0707_2006","F",1,"WithMother",4.33,"2"
"391","W0708_2007","W0708",2007,0,2,2007,2006,"W0708_2006","M",1,"WithMother",10.47,"0"
"392","W0709_2007","W0709",2007,1,2,2007,2006,"W0709_2006","F",1,"WithMother",11.65,"1"
"393","W0710_2007","W0710",2007,1,2,2007,2006,"W0710_2006","M",1,"WithMother",7.74,"1"
"394","W0711_2007","W0711",2007,1,1,2007,2006,"W0711_2006","M",1,"WithMother",4.62,"1"
"398","W0713_2010","W0713",2010,2,2,2010,2009,"W0713_2009","F",4,"SolitaryF",6.82,"2"
"399","W0713_2013","W0713",2013,2,2,2013,2012,"W0713_2012","F",7,"SolitaryF",24.06,"2"
"400","W0713_2015","W0713",2015,0,2,2015,2014,"W0713_2014","F",9,"WithCubs",16.66,"0"
"401","W0716_2010","W0716",2010,2,2,2010,2009,"W0716_2009","F",9,"WithCubs",14.58,"2"
"402","W0716_2012","W0716",2012,1,2,2012,2011,"W0716_2011","F",11,"WithCubs",6.38,"1"
"404","W0716_2016","W0716",2016,0,2,2016,2015,"W0716_2015","F",15,"SolitaryF",6.09,"0"
"406","W0717_2007","W0717",2007,1,2,2007,2006,"W0717_2006","M",11,"SolitaryM",16.07,"1"
"407","W0717_2007","W0717",2007,1,2,2007,2006,"W0717_2006","M",11,"SolitaryM",5.06,"1"
"409","W0718_2009","W0718",2009,2,2,2009,2008,"W0718_2008","M",9,"SolitaryM",9.15,"2"
"410","W0718_2009","W0718",2009,2,2,2009,2008,"W0718_2008","M",9,"SolitaryM",10.57,"2"
"411","W0718_2009","W0718",2009,1,2,2009,2008,"W0718_2008","M",9,"SolitaryM",9.15,"1"
"412","W0718_2009","W0718",2009,1,2,2009,2008,"W0718_2008","M",9,"SolitaryM",10.57,"1"
"413","W0718_2010","W0718",2010,2,2,2010,2009,"W0718_2009","M",10,"SolitaryM",10.12,"2"
"414","W0718_2011","W0718",2011,1,2,2011,2010,"W0718_2010","M",11,"SolitaryM",7.61,"1"
"417","W0719_2010","W0719",2010,2,2,2010,2009,"W0719_2009","M",8,"SolitaryM",3.99,"2"
"418","W0719_2011","W0719",2011,1,2,2011,2010,"W0719_2010","M",9,"SolitaryM",8.1,"1"
"419","W0719_2012","W0719",2012,1,2,2012,2011,"W0719_2011","M",10,"SolitaryM",6.33,"1"
"420","W0719_2013","W0719",2013,1,2,2013,2012,"W0719_2012","M",11,"SolitaryM",10.31,"1"
"422","W0720_2011","W0720",2011,1,2,2011,2010,"W0720_2010","F",11,"WithCubs",10.03,"1"
"424","W0720_2015","W0720",2015,0,2,2015,2014,"W0720_2014","F",15,"WithCubs",13,"0"
"429","W0802_2009","W0802",2009,1,2,2009,2008,"W0802_2008","M",6,"SolitaryM",10.39,"1"
"430","W0802_2010","W0802",2010,1,2,2010,2009,"W0802_2009","M",7,"SolitaryM",7.63,"1"
"431","W0802_2011","W0802",2011,2,2,2011,2010,"W0802_2010","M",8,"SolitaryM",6.91,"2"
"435","W0805_2009","W0805",2009,2,2,2009,2008,"W0805_2008","M",7,"SolitaryM",10,"2"
"436","W0805_2010","W0805",2010,2,2,2010,2009,"W0805_2009","M",8,"SolitaryM",11.22,"2"
"437","W0805_2011","W0805",2011,2,2,2011,2010,"W0805_2010","M",9,"SolitaryM",9.88,"2"
"438","W0805_2012","W0805",2012,1,2,2012,2011,"W0805_2011","M",10,"SolitaryM",5.65,"1"
"439","W0805_2013","W0805",2013,2,2,2013,2012,"W0805_2012","M",11,"SolitaryM",7.04,"2"
"441","W0806_2009","W0806",2009,2,2,2009,2008,"W0806_2008","F",2,"SolitaryF",15.51,"2"
"442","W0806_2010","W0806",2010,2,2,2010,2009,"W0806_2009","F",3,"SolitaryF",6.34,"2"
"443","W0806_2011","W0806",2011,2,2,2011,2010,"W0806_2010","F",4,"SolitaryF",9.63,"2"
"444","W0806_2012","W0806",2012,1,2,2012,2011,"W0806_2011","F",5,"SolitaryF",6.74,"1"
"445","W0806_2013","W0806",2013,0,2,2013,2012,"W0806_2012","F",6,"SolitaryF",6.16,"0"
"449","W0808_2009","W0808",2009,2,2,2009,2008,"W0808_2008","M",2,"WithMother",8.41,"2"
"451","W0809_2009","W0809",2009,1,2,2009,2008,"W0809_2008","M",2,"WithMother",6.65,"1"
"453","W0810_2009","W0810",2009,2,2,2009,2008,"W0810_2008","M",2,"WithMother",8.09,"2"
"454","W0810_2010","W0810",2010,2,2,2010,2009,"W0810_2009","M",3,"SolitaryM",5.69,"2"
"455","W0810_2011","W0810",2011,1,2,2011,2010,"W0810_2010","M",4,"SolitaryM",4.86,"1"
"457","W0811_2009","W0811",2009,2,2,2009,2008,"W0811_2008","M",2,"WithMother",9.97,"2"
"458","W0811_2010","W0811",2010,2,2,2010,2009,"W0811_2009","M",3,"SolitaryM",4.38,"2"
"459","W0811_2011","W0811",2011,2,2,2011,2010,"W0811_2010","M",4,"SolitaryM",5.75,"2"
"460","W0811_2012","W0811",2012,1,2,2012,2011,"W0811_2011","M",5,"SolitaryM",5.01,"1"
"461","W0811_2013","W0811",2013,1,2,2013,2012,"W0811_2012","M",6,"SolitaryM",4.78,"1"
"463","W0812_2009","W0812",2009,2,2,2009,2008,"W0812_2008","M",2,"WithMother",11.08,"2"
"464","W0812_2010","W0812",2010,2,2,2010,2009,"W0812_2009","M",3,"SolitaryM",5.35,"2"
"465","W0812_2011","W0812",2011,2,2,2011,2010,"W0812_2010","M",4,"SolitaryM",9.64,"2"
"466","W0812_2012","W0812",2012,1,2,2012,2011,"W0812_2011","M",5,"SolitaryM",3.98,"1"
"467","W0812_2013","W0812",2013,1,2,2013,2012,"W0812_2012","M",6,"SolitaryM",5.16,"1"
"468","W0813_2009","W0813",2009,2,2,2009,2008,"W0813_2008","F",2,"SolitaryF",11.15,"2"
"470","W0814_2009","W0814",2009,2,2,2009,2008,"W0814_2008","F",2,"SolitaryF",10.48,"2"
"475","W0818_2009","W0818",2009,2,2,2009,2008,"W0818_2008","F",2,"SolitaryF",9.59,"2"
"476","W0818_2011","W0818",2011,2,2,2011,2010,"W0818_2010","F",4,"SolitaryF",6.11,"2"
"477","W0818_2012","W0818",2012,1,2,2012,2011,"W0818_2011","F",5,"SolitaryF",6.01,"1"
"478","W0818_2013","W0818",2013,2,2,2013,2012,"W0818_2012","F",6,"SolitaryF",3.8,"2"
"480","W0818_2016","W0818",2016,0,2,2016,2015,"W0818_2015","F",9,"SolitaryF",7.11,"0"
"484","W0820_2009","W0820",2009,1,2,2009,2008,"W0820_2008","F",2,"SolitaryF",12.95,"1"
"485","W0820_2010","W0820",2010,2,2,2010,2009,"W0820_2009","F",3,"SolitaryF",12.34,"2"
"486","W0820_2011","W0820",2011,2,2,2011,2010,"W0820_2010","F",4,"SolitaryF",7.69,"2"
"487","W0820_2012","W0820",2012,2,2,2012,2011,"W0820_2011","F",5,"SolitaryF",4.79,"2"
"492","W0824_2009","W0824",2009,2,2,2009,2008,"W0824_2008","M",2,"SolitaryM",6.89,"2"
"493","W0824_2011","W0824",2011,2,2,2011,2010,"W0824_2010","M",4,"SolitaryM",5.05,"2"
"495","W0825_2009","W0825",2009,2,2,2009,2008,"W0825_2008","F",2,"SolitaryF",15.36,"2"
"496","W0825_2012","W0825",2012,2,2,2012,2011,"W0825_2011","F",5,"SolitaryF",6.06,"2"
"497","W0825_2013","W0825",2013,2,2,2013,2012,"W0825_2012","F",6,"SolitaryF",7.38,"2"
"499","W0826_2010","W0826",2010,2,2,2010,2009,"W0826_2009","F",13,"WithCubs",10.04,"2"
"501","W0827_2009","W0827",2009,2,2,2009,2008,"W0827_2008","M",5,"SolitaryM",7.76,"2"
"502","W0827_2010","W0827",2010,2,2,2010,2009,"W0827_2009","M",6,"SolitaryM",4.1,"2"
"503","W0901_2009","W0901",2009,1,2,2009,2008,"W0901_2008","M",1,"WithMother",10.93,"1"
"504","W0901_2010","W0901",2010,1,2,2010,2009,"W0901_2009","M",2,"WithMother",4.56,"1"
"505","W0901_2011","W0901",2011,1,2,2011,2010,"W0901_2010","M",3,"SolitaryM",6.57,"1"
"506","W0902_2009","W0902",2009,0,2,2009,2008,"W0902_2008","M",1,"WithMother",7.92,"0"
"507","W0902_2010","W0902",2010,2,2,2010,2009,"W0902_2009","M",2,"WithMother",4.87,"2"
"508","W0902_2011","W0902",2011,1,2,2011,2010,"W0902_2010","M",3,"SolitaryM",4.12,"1"
"509","W0903_2009","W0903",2009,0,2,2009,2008,"W0903_2008","M",1,"WithMother",14.12,"0"
"510","W0903_2010","W0903",2010,1,2,2010,2009,"W0903_2009","M",2,"WithMother",4.85,"1"
"511","W0903_2011","W0903",2011,2,2,2011,2010,"W0903_2010","M",3,"SolitaryM",7.44,"2"
"512","W0904_2009","W0904",2009,0,2,2009,2008,"W0904_2008","F",1,"WithMother",10.68,"0"
"513","W0904_2010","W0904",2010,2,2,2010,2009,"W0904_2009","F",2,"WithMother",4.92,"2"
"514","W0904_2012","W0904",2012,2,2,2012,2011,"W0904_2011","F",4,"SolitaryF",4.39,"2"
"515","W0905_2009","W0905",2009,1,2,2009,2008,"W0905_2008","M",1,"WithMother",10.37,"1"
"516","W0906_2009","W0906",2009,1,2,2009,2008,"W0906_2008","M",1,"WithMother",11.67,"1"
"517","W0907_2009","W0907",2009,1,2,2009,2008,"W0907_2008","M",1,"WithMother",9.76,"1"
"518","W0907_2010","W0907",2010,2,2,2010,2009,"W0907_2009","M",2,"WithMother",6.46,"2"
"519","W0908_2009","W0908",2009,1,2,2009,2008,"W0908_2008","M",1,"WithMother",13,"1"
"520","W0908_2010","W0908",2010,1,2,2010,2009,"W0908_2009","M",2,"WithMother",5.52,"1"
"521","W0908_2012","W0908",2012,1,2,2012,2011,"W0908_2011","M",4,"SolitaryM",6.58,"1"
"522","W0908_2013","W0908",2013,1,2,2013,2012,"W0908_2012","M",5,"SolitaryM",4.57,"1"
"524","W0909_2009","W0909",2009,1,2,2009,2008,"W0909_2008","M",1,"WithMother",10.39,"1"
"525","W0909_2010","W0909",2010,1,2,2010,2009,"W0909_2009","M",2,"WithMother",6.74,"1"
"526","W0910_2009","W0910",2009,2,2,2009,2008,"W0910_2008","M",1,"WithMother",13.58,"2"
"527","W0910_2011","W0910",2011,2,2,2011,2010,"W0910_2010","M",3,"SolitaryM",8.35,"2"
"528","W0910_2012","W0910",2012,1,2,2012,2011,"W0910_2011","M",4,"SolitaryM",4.71,"1"
"529","W0910_2013","W0910",2013,2,2,2013,2012,"W0910_2012","M",5,"SolitaryM",2.75,"2"
"531","W0911_2009","W0911",2009,1,2,2009,2008,"W0911_2008","M",1,"WithMother",15.55,"1"
"532","W0912_2009","W0912",2009,2,2,2009,2008,"W0912_2008","M",1,"WithMother",9.24,"2"
"533","W0915_2009","W0915",2009,1,2,2009,2008,"W0915_2008","M",7,"SolitaryM",5.31,"1"
"534","W0916_2009","W0916",2009,2,2,2009,2008,"W0916_2008","M",4,"SolitaryM",7.77,"2"
"535","W0917_2009","W0917",2009,1,2,2009,2008,"W0917_2008","M",6,"SolitaryM",6.53,"1"
"536","W1001_2010","W1001",2010,2,2,2010,2009,"W1001_2009","M",10,"SolitaryM",11.11,"2"
"537","W1001_2011","W1001",2011,2,2,2011,2010,"W1001_2010","M",11,"SolitaryM",9.24,"2"
"538","W1002_2010","W1002",2010,2,2,2010,2009,"W1002_2009","M",1,"WithMother",7.2,"2"
"539","W1003_2010","W1003",2010,2,2,2010,2009,"W1003_2009","M",1,"WithMother",6.64,"2"
"540","W1004_2010","W1004",2010,1,2,2010,2009,"W1004_2009","M",1,"WithMother",11.82,"1"
"541","W1005_2010","W1005",2010,2,2,2010,2009,"W1005_2009","M",1,"WithMother",11.77,"2"
"542","W1005_2011","W1005",2011,2,2,2011,2010,"W1005_2010","M",2,"WithMother",7.11,"2"
"543","W1006_2010","W1006",2010,2,2,2010,2009,"W1006_2009","F",1,"WithMother",9.59,"2"
"544","W1006_2011","W1006",2011,2,2,2011,2010,"W1006_2010","F",2,"WithMother",7.84,"2"
"545","W1007_2010","W1007",2010,2,2,2010,2009,"W1007_2009","M",1,"WithMother",8.89,"2"
"546","W1008_2010","W1008",2010,2,2,2010,2009,"W1008_2009","M",1,"WithMother",8.96,"2"
"547","W1009_2010","W1009",2010,2,2,2010,2009,"W1009_2009","F",1,"WithMother",12.87,"2"
"548","W1010_2010","W1010",2010,0,2,2010,2009,"W1010_2009","M",1,"WithMother",9.38,"0"
"549","W1010_2012","W1010",2012,1,2,2012,2011,"W1010_2011","M",3,"SolitaryM",7.16,"1"
"550","W1011_2010","W1011",2010,1,2,2010,2009,"W1011_2009","F",1,"WithMother",8.78,"1"
"551","W1011_2013","W1011",2013,1,2,2013,2012,"W1011_2012","F",4,"SolitaryF",4.34,"1"
"555","W1012_2010","W1012",2010,1,2,2010,2009,"W1012_2009","M",1,"WithMother",10.2,"1"
"556","W1013_2010","W1013",2010,2,2,2010,2009,"W1013_2009","M",1,"WithMother",6.32,"2"
"557","W1014_2010","W1014",2010,1,2,2010,2009,"W1014_2009","M",1,"WithMother",10.27,"1"
"558","W1015_2010","W1015",2010,1,2,2010,2009,"W1015_2009","M",1,"WithMother",9.34,"1"
"559","W1016_2010","W1016",2010,1,2,2010,2009,"W1016_2009","M",1,"WithMother",6.9,"1"
"560","W1017_2010","W1017",2010,1,2,2010,2009,"W1017_2009","F",1,"WithMother",7.9,"1"
"561","W1017_2013","W1017",2013,1,2,2013,2012,"W1017_2012","F",4,"SolitaryF",4.93,"1"
"563","W1017_2016","W1017",2016,0,2,2016,2015,"W1017_2015","F",7,"WithCubs",8.51,"0"
"566","W1019_2010","W1019",2010,2,2,2010,2009,"W1019_2009","M",6,"SolitaryM",5.01,"2"
"567","W1019_2011","W1019",2011,2,2,2011,2010,"W1019_2010","M",7,"SolitaryM",7.21,"2"
"568","W1019_2012","W1019",2012,0,2,2012,2011,"W1019_2011","M",8,"SolitaryM",6.69,"0"
"569","W1020_2010","W1020",2010,1,2,2010,2009,"W1020_2009","M",6,"SolitaryM",3.42,"1"
"570","W1020_2011","W1020",2011,2,2,2011,2010,"W1020_2010","M",7,"SolitaryM",7.71,"2"
"571","W1101_2011","W1101",2011,2,2,2011,2010,"W1101_2010","M",1,"WithMother",8.52,"2"
"572","W1102_2011","W1102",2011,2,2,2011,2010,"W1102_2010","M",1,"WithMother",8.12,"2"
"573","W1103_2011","W1103",2011,2,2,2011,2010,"W1103_2010","M",1,"WithMother",8.1,"2"
"574","W1103_2012","W1103",2012,1,2,2012,2011,"W1103_2011","M",2,"SolitaryM",4.25,"1"
"575","W1103_2013","W1103",2013,0,2,2013,2012,"W1103_2012","M",3,"SolitaryM",1.87,"0"
"576","W1104_2011","W1104",2011,1,2,2011,2010,"W1104_2010","F",1,"WithMother",10.2,"1"
"577","W1105_2011","W1105",2011,1,2,2011,2010,"W1105_2010","F",1,"WithMother",9.67,"1"
"579","W1106_2011","W1106",2011,1,2,2011,2010,"W1106_2010","F",1,"WithMother",14.14,"1"
"580","W1107_2011","W1107",2011,0,2,2011,2010,"W1107_2010","M",1,"WithMother",9.8,"0"
"581","W1108_2011","W1108",2011,0,2,2011,2010,"W1108_2010","M",1,"WithMother",13.37,"0"
"582","W1109_2011","W1109",2011,1,2,2011,2010,"W1109_2010","M",1,"WithMother",11.99,"1"
"583","W1110_2011","W1110",2011,1,2,2011,2010,"W1110_2010","F",1,"WithMother",12.01,"1"
"585","W1110_2015","W1110",2015,0,2,2015,2014,"W1110_2014","F",5,"SolitaryF",4.7,"0"
"586","W1110_2016","W1110",2016,2,2,2016,2015,"W1110_2015","F",6,"SolitaryF",7.51,"2"
"588","W1111_2011","W1111",2011,2,2,2011,2010,"W1111_2010","F",1,"WithMother",11.45,"2"
"589","W1112_2011","W1112",2011,1,2,2011,2010,"W1112_2010","F",1,"WithMother",10.33,"1"
"590","W1112_2016","W1112",2016,0,2,2016,2015,"W1112_2015","F",6,"WithCubs",7.77,"0"
"591","W1113_2011","W1113",2011,1,2,2011,2010,"W1113_2010","M",1,"WithMother",12.07,"1"
"592","W1114_2011","W1114",2011,1,2,2011,2010,"W1114_2010","F",1,"WithMother",10.81,"1"
"593","W1201_2012","W1201",2012,1,2,2012,2011,"W1201_2011","M",3,"SolitaryM",2.16,"1"
"596","W1203_2013","W1203",2013,0,2,2013,2012,"W1203_2012","F",5,"SolitaryF",3.11,"0"
"598","W1203_2016","W1203",2016,0,2,2016,2015,"W1203_2015","F",8,"WithCubs",7.05,"0"
"603","W1204_2012","W1204",2012,1,2,2012,2011,"W1204_2011","M",1,"WithMother",11.18,"1"
"606","W1205_2012","W1205",2012,0,2,2012,2011,"W1205_2011","F",1,"WithMother",10.08,"0"
"607","W1205_2013","W1205",2013,1,2,2013,2012,"W1205_2012","F",2,"WithMother",2.43,"1"
"609","W1205_2015","W1205",2015,0,2,2015,2014,"W1205_2014","F",4,"SolitaryF",6.26,"0"
"613","W1206_2012","W1206",2012,1,2,2012,2011,"W1206_2011","F",1,"WithMother",9.33,"1"
"614","W1206_2013","W1206",2013,0,2,2013,2012,"W1206_2012","F",2,"WithMother",3.88,"0"
"616","W1206_2015","W1206",2015,0,2,2015,2014,"W1206_2014","F",4,"SolitaryF",6.33,"0"
"617","W1206_2016","W1206",2016,2,2,2016,2015,"W1206_2015","F",5,"SolitaryF",4.64,"2"
"619","W1207_2012","W1207",2012,1,2,2012,2011,"W1207_2011","M",1,"WithMother",10.11,"1"
"620","W1208_2012","W1208",2012,2,2,2012,2011,"W1208_2011","M",3,"SolitaryM",7.23,"2"
"621","W1209_2012","W1209",2012,1,2,2012,2011,"W1209_2011","F",1,"WithMother",9.71,"1"
"622","W1209_2016","W1209",2016,0,2,2016,2015,"W1209_2015","F",5,"SolitaryF",8.57,"0"
"625","W1210_2013","W1210",2013,2,2,2013,2012,"W1210_2012","M",5,"SolitaryM",7.01,"2"
"627","W1211_2013","W1211",2013,1,2,2013,2012,"W1211_2012","M",13,"SolitaryM",10.43,"1"
"629","W1301_2013","W1301",2013,2,2,2013,2012,"W1301_2012","M",1,"WithMother",8.03,"2"
"631","W1302_2013","W1302",2013,1,2,2013,2012,"W1302_2012","M",1,"WithMother",9.64,"1"
"633","W1303_2013","W1303",2013,1,2,2013,2012,"W1303_2012","F",1,"WithMother",7.66,"1"
"635","W1304_2013","W1304",2013,1,2,2013,2012,"W1304_2012","F",1,"WithMother",12.79,"1"
"637","W1304_2016","W1304",2016,0,2,2016,2015,"W1304_2015","F",4,"SolitaryF",7.32,"0"
"642","W1305_2013","W1305",2013,1,2,2013,2012,"W1305_2012","F",1,"WithMother",9.81,"1"
"644","W1305_2016","W1305",2016,0,2,2016,2015,"W1305_2015","F",4,"SolitaryF",6.98,"0"
"645","W1306_2013","W1306",2013,2,2,2013,2012,"W1306_2012","M",1,"WithMother",8.84,"2"
"646","W1307_2013","W1307",2013,1,2,2013,2012,"W1307_2012","M",1,"WithMother",12.35,"1"
"648","W1308_2013","W1308",2013,2,2,2013,2012,"W1308_2012","M",1,"WithMother",11.34,"2"
"650","W1309_2013","W1309",2013,0,2,2013,2012,"W1309_2012","F",1,"WithMother",10.79,"0"
"651","W1310_2013","W1310",2013,1,2,2013,2012,"W1310_2012","F",1,"WithMother",9.72,"1"
"655","W1311_2013","W1311",2013,0,2,2013,2012,"W1311_2012","F",1,"WithMother",6.95,"0"
"659","W1312_2013","W1312",2013,1,2,2013,2012,"W1312_2012","M",5,"SolitaryM",8.82,"1"
"662","W1314_2013","W1314",2013,0,2,2013,2012,"W1314_2012","M",4,"SolitaryM",5.14,"0"
"664","W1315_2013","W1315",2013,1,2,2013,2012,"W1315_2012","F",1,"WithMother",8.01,"1"
"665","W1316_2013","W1316",2013,1,2,2013,2012,"W1316_2012","M",1,"WithMother",9.81,"1"
"667","W1317_2013","W1317",2013,1,2,2013,2012,"W1317_2012","M",1,"WithMother",7.77,"1"
"669","W1318_2013","W1318",2013,1,2,2013,2012,"W1318_2012","M",8,"SolitaryM",4.89,"1"
"671","W1319_2016","W1319",2016,0,2,2016,2015,"W1319_2015","F",7,"WithCubs",10.22,"0"
"674","W1320_2012","W1320",2012,1,2,2012,2011,"W1320_2011","M",5,"SolitaryM",5.54,"1"
"683","W1408_2016","W1408",2016,1,2,2016,2015,"W1408_2015","F",3,"SolitaryF",5.18,"1"
"724","W1614_2016","W1614",2016,0,2,2016,2015,"W1614_2015","F",1,"WithMother",13.02,"0"
"874","W8607_1997","W8607",1997,0,1,1997,1996,"W8607_1996","M",26,"SolitaryM",3.35,"0"
"875","W8607_2000","W8607",2000,1,1,2000,1999,"W8607_1999","M",29,"SolitaryM",2.92,"1"
"876","W8807_1990","W8807",1990,2,1,1990,1989,"W8807_1989","M",6,"SolitaryM",3.35,"2"
"877","W8807_1992","W8807",1992,2,1,1992,1991,"W8807_1991","M",8,"SolitaryM",3.35,"2"
"878","W8807_1995","W8807",1995,2,1,1995,1994,"W8807_1994","M",11,"SolitaryM",3.89,"2"
"879","W8807_1996","W8807",1996,0,1,1996,1995,"W8807_1995","M",12,"SolitaryM",4.62,"0"
"880","W8807_1998","W8807",1998,2,1,1998,1997,"W8807_1997","M",14,"SolitaryM",3.35,"2"
"881","W8807_2000","W8807",2000,2,1,2000,1999,"W8807_1999","M",16,"SolitaryM",3.93,"2"
"883","W8807_2004","W8807",2004,1,1,2004,2003,"W8807_2003","M",20,"SolitaryM",3.51,"1"
"884","W8808_1990","W8808",1990,2,1,1990,1989,"W8808_1989","F",9,"WithCubs",3.64,"2"
"885","W8808_1992","W8808",1992,2,1,1992,1991,"W8808_1991","F",11,"WithCubs",3.64,"2"
"886","W8808_1996","W8808",1996,0,1,1996,1995,"W8808_1995","F",15,"WithCubs",4.66,"0"
"887","W8808_1997","W8808",1997,0,1,1997,1996,"W8808_1996","F",16,"SolitaryF",2.37,"0"
"888","W8808_1999","W8808",1999,1,1,1999,1998,"W8808_1998","F",18,"WithCubs",5.07,"1"
"889","W8808_2003","W8808",2003,2,2,2003,2002,"W8808_2002","F",22,"WithCubs",7.81,"2"
"890","W8811_1992","W8811",1992,2,1,1992,1991,"W8811_1991","F",14,"WithCubs",3.64,"2"
"891","W8811_1996","W8811",1996,0,1,1996,1995,"W8811_1995","F",18,"WithCubs",5.15,"0"
"892","W8811_1997","W8811",1997,0,1,1997,1996,"W8811_1996","F",19,"WithCubs",3.51,"0"
"893","W8811_1999","W8811",1999,2,1,1999,1998,"W8811_1998","F",21,"SolitaryF",3.41,"2"
"894","W8904_1997","W8904",1997,0,1,1997,1996,"W8904_1996","F",10,"WithCubs",3.56,"0"
"895","W8904_2000","W8904",2000,2,1,2000,1999,"W8904_1999","F",13,"WithCubs",4.04,"2"
"896","W8904_2003","W8904",2003,2,2,2003,2002,"W8904_2002","F",16,"WithCubs",7.69,"2"
"897","W8904_2006","W8904",2006,2,1,2006,2005,"W8904_2005","F",19,"WithCubs",6.21,"2"
"898","W8905_1996","W8905",1996,0,1,1996,1995,"W8905_1995","F",9,"WithCubs",4.37,"0"
"899","W8905_1997","W8905",1997,0,1,1997,1996,"W8905_1996","F",10,"SolitaryF",2.4,"0"
"900","W8906_1995","W8906",1995,2,1,1995,1994,"W8906_1994","F",14,"WithCubs",4.4,"2"
"901","W8906_1997","W8906",1997,0,1,1997,1996,"W8906_1996","F",16,"WithCubs",3.62,"0"
"902","W8906_1999","W8906",1999,2,1,1999,1998,"W8906_1998","F",18,"WithCubs",4.34,"2"
"903","W8906_2001","W8906",2001,2,1,2001,2000,"W8906_2000","F",20,"WithCubs",3.37,"2"
"904","W8906_2003","W8906",2003,2,2,2003,2002,"W8906_2002","F",22,"WithCubs",5.36,"2"
"905","W8906_2005","W8906",2005,0,1,2005,2004,"W8906_2004","F",24,"WithCubs",8.06,"0"
"906","W9001_1992","W9001",1992,1,1,1992,1991,"W9001_1991","F",8,"WithCubs",3.64,"1"
"907","W9002_1995","W9002",1995,2,1,1995,1994,"W9002_1994","M",6,"SolitaryM",2.87,"2"
"908","W9003_1992","W9003",1992,2,1,1992,1991,"W9003_1991","F",3,"SolitaryF",3.64,"2"
"909","W9003_1996","W9003",1996,0,1,1996,1995,"W9003_1995","F",7,"WithCubs",4.55,"0"
"910","W9003_1997","W9003",1997,0,1,1997,1996,"W9003_1996","F",8,"WithCubs",3.64,"0"
"911","W9003_1999","W9003",1999,2,1,1999,1998,"W9003_1998","F",10,"WithCubs",3.49,"2"
"912","W9003_2001","W9003",2001,1,1,2001,2000,"W9003_2000","F",12,"WithCubs",3.36,"1"
"913","W9005_1992","W9005",1992,1,1,1992,1991,"W9005_1991","M",3,"SolitaryM",3.35,"1"
"915","W9006_1994","W9006",1994,2,1,1994,1993,"W9006_1993","M",5,"SolitaryM",2.86,"2"
"916","W9006_1996","W9006",1996,0,1,1996,1995,"W9006_1995","M",7,"SolitaryM",3.09,"0"
"917","W9006_1998","W9006",1998,2,1,1998,1997,"W9006_1997","M",9,"SolitaryM",3.35,"2"
"918","W9006_2000","W9006",2000,2,1,2000,1999,"W9006_1999","M",11,"SolitaryM",2.75,"2"
"920","W9007_1994","W9007",1994,2,1,1994,1993,"W9007_1993","F",8,"WithCubs",4.19,"2"
"922","W9007_2004","W9007",2004,2,1,2004,2003,"W9007_2003","F",18,"WithCubs",4.35,"2"
"924","W9008_1996","W9008",1996,0,1,1996,1995,"W9008_1995","F",10,"WithCubs",4.65,"0"
"925","W9008_1998","W9008",1998,2,1,1998,1997,"W9008_1997","F",12,"WithCubs",3.64,"2"
"926","W9008_2000","W9008",2000,2,2,2000,1999,"W9008_1999","F",14,"WithCubs",5.42,"2"
"931","W9101_1992","W9101",1992,1,1,1992,1991,"W9101_1991","F",2,"SolitaryF",3.64,"1"
"932","W9101_1994","W9101",1994,2,1,1994,1993,"W9101_1993","F",4,"SolitaryF",3.47,"2"
"933","W9101_1995","W9101",1995,1,1,1995,1994,"W9101_1994","F",5,"SolitaryF",3.99,"1"
"934","W9101_1997","W9101",1997,0,1,1997,1996,"W9101_1996","F",7,"SolitaryF",2.29,"0"
"935","W9101_1998","W9101",1998,2,1,1998,1997,"W9101_1997","F",8,"WithCubs",3.64,"2"
"936","W9101_2001","W9101",2001,2,2,2001,2000,"W9101_2000","F",11,"WithCubs",9.62,"2"
"938","W9101_2005","W9101",2005,1,1,2005,2004,"W9101_2004","F",15,"WithCubs",3.52,"1"
"940","W9202_1995","W9202",1995,2,1,1995,1994,"W9202_1994","M",4,"SolitaryM",3.54,"2"
"941","W9202_1996","W9202",1996,0,1,1996,1995,"W9202_1995","M",5,"SolitaryM",2.53,"0"
"942","W9202_1997","W9202",1997,0,1,1997,1996,"W9202_1996","M",6,"SolitaryM",2.55,"0"
"943","W9202_1998","W9202",1998,2,1,1998,1997,"W9202_1997","M",7,"SolitaryM",2.62,"2"
"944","W9203_1992","W9203",1992,1,1,1992,1991,"W9203_1991","F",1,"WithMother",3.64,"1"
"946","W9205_1992","W9205",1992,2,1,1992,1991,"W9205_1991","M",1,"WithMother",3.35,"2"
"947","W9206_1992","W9206",1992,1,1,1992,1991,"W9206_1991","M",1,"WithMother",3.35,"1"
"948","W9206_1997","W9206",1997,0,1,1997,1996,"W9206_1996","M",6,"SolitaryM",3.35,"0"
"949","W9207_1992","W9207",1992,1,1,1992,1991,"W9207_1991","F",1,"WithMother",3.64,"1"
"950","W9207_1996","W9207",1996,0,1,1996,1995,"W9207_1995","F",5,"WithCubs",4.59,"0"
"951","W9208_1992","W9208",1992,1,1,1992,1991,"W9208_1991","F",1,"WithMother",3.64,"1"
"952","W9208_1993","W9208",1993,2,1,1993,1992,"W9208_1992","F",2,"SolitaryF",3.64,"2"
"953","W9208_1994","W9208",1994,2,1,1994,1993,"W9208_1993","F",3,"SolitaryF",4.04,"2"
"954","W9208_1996","W9208",1996,0,1,1996,1995,"W9208_1995","F",5,"SolitaryF",3.53,"0"
"955","W9208_1997","W9208",1997,0,1,1997,1996,"W9208_1996","F",6,"WithCubs",3.64,"0"
"956","W9301_1994","W9301",1994,2,1,1994,1993,"W9301_1993","M",5,"SolitaryM",2.99,"2"
"957","W9301_1998","W9301",1998,0,1,1998,1997,"W9301_1997","M",9,"SolitaryM",2.75,"0"
"958","W9301_2000","W9301",2000,2,1,2000,1999,"W9301_1999","M",11,"SolitaryM",3.32,"2"
"959","W9301_2001","W9301",2001,1,1,2001,2000,"W9301_2000","M",12,"SolitaryM",3.75,"1"
"960","W9301_2003","W9301",2003,2,1,2003,2002,"W9301_2002","M",14,"SolitaryM",5.57,"2"
"961","W9301_2005","W9301",2005,1,1,2005,2004,"W9301_2004","M",16,"SolitaryM",6.55,"1"
"962","W9301_2007","W9301",2007,2,1,2007,2006,"W9301_2006","M",18,"SolitaryM",6.77,"2"
"964","W9301_2009","W9301",2009,2,2,2009,2008,"W9301_2008","M",20,"SolitaryM",10.6,"2"
"965","W9301_2010","W9301",2010,2,2,2010,2009,"W9301_2009","M",21,"SolitaryM",9.76,"2"
"966","W9304_1994","W9304",1994,1,1,1994,1993,"W9304_1993","M",3,"SolitaryM",2.13,"1"
"967","W9305_1993","W9305",1993,2,1,1993,1992,"W9305_1992","M",1,"WithMother",3.35,"2"
"968","W9306_1995","W9306",1995,1,1,1995,1994,"W9306_1994","F",3,"SolitaryF",3.63,"1"
"969","W9306_1996","W9306",1996,0,1,1996,1995,"W9306_1995","F",4,"SolitaryF",2.51,"0"
"970","W9306_1998","W9306",1998,1,1,1998,1997,"W9306_1997","F",6,"WithCubs",3.32,"1"
"971","W9307_1996","W9307",1996,0,1,1996,1995,"W9307_1995","F",4,"SolitaryF",3.74,"0"
"972","W9307_1997","W9307",1997,0,1,1997,1996,"W9307_1996","F",5,"SolitaryF",3.64,"0"
"973","W9307_2000","W9307",2000,2,1,2000,1999,"W9307_1999","F",8,"WithCubs",4.87,"2"
"975","W9307_2004","W9307",2004,1,2,2004,2003,"W9307_2003","F",12,"WithCubs",9.66,"1"
"976","W9308_1996","W9308",1996,0,1,1996,1995,"W9308_1995","F",8,"SolitaryF",2.71,"0"
"977","W9308_1998","W9308",1998,1,1,1998,1997,"W9308_1997","F",10,"WithCubs",4.24,"1"
"978","W9308_2003","W9308",2003,2,2,2003,2002,"W9308_2002","F",15,"WithCubs",9.38,"2"
"979","W9308_2006","W9308",2006,0,1,2006,2005,"W9308_2005","F",18,"WithCubs",5.01,"0"
"980","W9308_2009","W9308",2009,2,2,2009,2008,"W9308_2008","F",21,"WithCubs",13.3,"2"
"981","W9310_1996","W9310",1996,0,1,1996,1995,"W9310_1995","F",4,"SolitaryF",3.06,"0"
"982","W9310_1998","W9310",1998,2,1,1998,1997,"W9310_1997","F",6,"WithCubs",3.37,"2"
"983","W9310_2000","W9310",2000,2,1,2000,1999,"W9310_1999","F",8,"WithCubs",4.32,"2"
"984","W9310_2003","W9310",2003,2,1,2003,2002,"W9310_2002","F",11,"WithCubs",7.83,"2"
"985","W9311_1995","W9311",1995,0,1,1995,1994,"W9311_1994","M",3,"SolitaryM",4.22,"0"
"986","W9311_1996","W9311",1996,0,1,1996,1995,"W9311_1995","M",4,"SolitaryM",1.76,"0"
"987","W9311_1997","W9311",1997,0,1,1997,1996,"W9311_1996","M",5,"SolitaryM",2.83,"0"
"988","W9311_1999","W9311",1999,1,1,1999,1998,"W9311_1998","M",7,"SolitaryM",2.66,"1"
"989","W9311_2001","W9311",2001,2,1,2001,2000,"W9311_2000","M",9,"SolitaryM",3.48,"2"
"990","W9311_2003","W9311",2003,0,1,2003,2002,"W9311_2002","M",11,"SolitaryM",3.25,"0"
"991","W9311_2004","W9311",2004,0,1,2004,2003,"W9311_2003","M",12,"SolitaryM",6.17,"0"
"992","W9311_2005","W9311",2005,1,1,2005,2004,"W9311_2004","M",13,"SolitaryM",7.46,"1"
"993","W9401_1996","W9401",1996,0,1,1996,1995,"W9401_1995","M",3,"SolitaryM",3.04,"0"
"994","W9401_1997","W9401",1997,0,1,1997,1996,"W9401_1996","M",4,"SolitaryM",2.95,"0"
"995","W9401_2001","W9401",2001,2,1,2001,2000,"W9401_2000","M",8,"SolitaryM",3.97,"2"
"996","W9401_2003","W9401",2003,1,1,2003,2002,"W9401_2002","M",10,"SolitaryM",3.96,"1"
"997","W9402_1994","W9402",1994,1,1,1994,1993,"W9402_1993","F",1,"WithMother",4.36,"1"
"998","W9402_1995","W9402",1995,2,1,1995,1994,"W9402_1994","F",2,"SolitaryF",4.8,"2"
"999","W9402_1997","W9402",1997,0,1,1997,1996,"W9402_1996","F",4,"SolitaryF",2.31,"0"
"1000","W9403_1994","W9403",1994,1,1,1994,1993,"W9403_1993","F",1,"WithMother",4.39,"1"
"1001","W9403_1996","W9403",1996,1,1,1996,1995,"W9403_1995","F",3,"SolitaryF",3.6,"1"
"1002","W9403_1997","W9403",1997,0,1,1997,1996,"W9403_1996","F",4,"SolitaryF",2.19,"0"
"1003","W9403_2000","W9403",2000,2,1,2000,1999,"W9403_1999","F",7,"WithCubs",3.94,"2"
"1005","W9403_2004","W9403",2004,2,1,2004,2003,"W9403_2003","F",11,"SolitaryF",2.95,"2"
"1006","W9403_2006","W9403",2006,1,2,2006,2005,"W9403_2005","F",13,"WithCubs",6.37,"1"
"1007","W9403_2007","W9403",2007,2,1,2007,2006,"W9403_2006","F",14,"WithCubs",4.27,"2"
"1008","W9403_2009","W9403",2009,2,2,2009,2008,"W9403_2008","F",16,"WithCubs",8.18,"2"
"1009","W9403_2010","W9403",2010,2,2,2010,2009,"W9403_2009","F",17,"WithCubs",7.72,"2"
"1010","W9403_2012","W9403",2012,2,2,2012,2011,"W9403_2011","F",19,"SolitaryF",5.52,"2"
"1011","W9403_2013","W9403",2013,2,2,2013,2012,"W9403_2012","F",20,"WithCubs",5.69,"2"
"1014","W9404_1996","W9404",1996,2,1,1996,1995,"W9404_1995","F",3,"SolitaryF",3.14,"2"
"1015","W9404_1997","W9404",1997,0,1,1997,1996,"W9404_1996","F",4,"SolitaryF",2.67,"0"
"1016","W9404_1999","W9404",1999,2,1,1999,1998,"W9404_1998","F",6,"WithCubs",4.33,"2"
"1018","W9404_2004","W9404",2004,2,1,2004,2003,"W9404_2003","F",11,"SolitaryF",2.73,"2"
"1019","W9406_1994","W9406",1994,1,1,1994,1993,"W9406_1993","F",1,"WithMother",3.64,"1"
"1020","W9407_1995","W9407",1995,1,1,1995,1994,"W9407_1994","M",2,"SolitaryM",3.91,"1"
"1021","W9407_1996","W9407",1996,1,1,1996,1995,"W9407_1995","M",3,"SolitaryM",3.58,"1"
"1022","W9408_1994","W9408",1994,1,1,1994,1993,"W9408_1993","F",1,"WithMother",3.64,"1"
"1023","W9502_1995","W9502",1995,0,1,1995,1994,"W9502_1994","F",1,"WithMother",3.54,"0"
"1024","W9502_1998","W9502",1998,0,1,1998,1997,"W9502_1997","F",4,"SolitaryF",2.96,"0"
"1025","W9502_2000","W9502",2000,2,1,2000,1999,"W9502_1999","F",6,"WithCubs",3.87,"2"
"1027","W9502_2004","W9502",2004,1,1,2004,2003,"W9502_2003","F",10,"WithCubs",4.62,"1"
"1028","W9503_1995","W9503",1995,0,1,1995,1994,"W9503_1994","F",1,"WithMother",3.92,"0"
"1029","W9503_1996","W9503",1996,1,1,1996,1995,"W9503_1995","F",2,"SolitaryF",4.56,"1"
"1030","W9503_1998","W9503",1998,0,1,1998,1997,"W9503_1997","F",4,"SolitaryF",2.62,"0"
"1031","W9504_1995","W9504",1995,0,1,1995,1994,"W9504_1994","F",1,"WithMother",4.05,"0"
"1032","W9504_1996","W9504",1996,2,1,1996,1995,"W9504_1995","F",2,"SolitaryF",3.76,"2"
"1033","W9504_1997","W9504",1997,0,1,1997,1996,"W9504_1996","F",3,"SolitaryF",3.44,"0"
"1034","W9504_2000","W9504",2000,2,1,2000,1999,"W9504_1999","F",6,"WithCubs",4.69,"2"
"1035","W9505_1996","W9505",1996,2,1,1996,1995,"W9505_1995","M",8,"SolitaryM",2.76,"2"
"1036","W9505_1997","W9505",1997,0,1,1997,1996,"W9505_1996","M",9,"SolitaryM",3.87,"0"
"1038","W9505_2004","W9505",2004,1,1,2004,2003,"W9505_2003","M",16,"SolitaryM",5.12,"1"
"1039","W9506_1995","W9506",1995,0,1,1995,1994,"W9506_1994","M",1,"WithMother",5.12,"0"
"1040","W9506_1997","W9506",1997,0,1,1997,1996,"W9506_1996","M",3,"SolitaryM",3.05,"0"
"1041","W9506_1998","W9506",1998,0,1,1998,1997,"W9506_1997","M",4,"SolitaryM",2.21,"0"
"1042","W9506_1999","W9506",1999,2,1,1999,1998,"W9506_1998","M",5,"SolitaryM",2.38,"2"
"1043","W9507_1995","W9507",1995,2,1,1995,1994,"W9507_1994","F",1,"WithMother",3.62,"2"
"1044","W9507_1996","W9507",1996,2,1,1996,1995,"W9507_1995","F",2,"SolitaryF",4.94,"2"
"1045","W9507_1997","W9507",1997,0,1,1997,1996,"W9507_1996","F",3,"SolitaryF",3.24,"0"
"1046","W9507_1998","W9507",1998,2,1,1998,1997,"W9507_1997","F",4,"SolitaryF",2.77,"2"
"1047","W9507_1999","W9507",1999,2,1,1999,1998,"W9507_1998","F",5,"SolitaryF",3.38,"2"
"1048","W9508_1995","W9508",1995,2,1,1995,1994,"W9508_1994","M",1,"WithMother",5.4,"2"
"1049","W9508_1996","W9508",1996,2,1,1996,1995,"W9508_1995","M",2,"SolitaryM",4.66,"2"
"1050","W9508_1997","W9508",1997,0,1,1997,1996,"W9508_1996","M",3,"SolitaryM",2.89,"0"
"1051","W9508_1998","W9508",1998,0,1,1998,1997,"W9508_1997","M",4,"SolitaryM",2.66,"0"
"1052","W9509_1995","W9509",1995,2,1,1995,1994,"W9509_1994","M",1,"WithMother",4.7,"2"
"1053","W9509_1996","W9509",1996,1,1,1996,1995,"W9509_1995","M",2,"SolitaryM",4.41,"1"
"1054","W9510_1995","W9510",1995,2,1,1995,1994,"W9510_1994","M",1,"WithMother",3.23,"2"
"1055","W9510_1996","W9510",1996,2,1,1996,1995,"W9510_1995","M",2,"SolitaryM",3.78,"2"
"1056","W9510_1997","W9510",1997,0,1,1997,1996,"W9510_1996","M",3,"SolitaryM",2.62,"0"
"1057","W9511_1996","W9511",1996,2,1,1996,1995,"W9511_1995","F",11,"SolitaryF",2.72,"2"
"1058","W9601_1996","W9601",1996,1,1,1996,1995,"W9601_1995","F",1,"WithMother",4.54,"1"
"1059","W9601_1997","W9601",1997,0,1,1997,1996,"W9601_1996","F",2,"SolitaryF",2.99,"0"
"1060","W9601_1998","W9601",1998,2,1,1998,1997,"W9601_1997","F",3,"SolitaryF",3.09,"2"
"1061","W9602_1996","W9602",1996,1,1,1996,1995,"W9602_1995","F",1,"WithMother",4.39,"1"
"1062","W9602_1997","W9602",1997,0,1,1997,1996,"W9602_1996","F",2,"SolitaryF",2.31,"0"
"1063","W9603_1996","W9603",1996,1,1,1996,1995,"W9603_1995","M",1,"WithMother",4,"1"
"1064","W9605_1996","W9605",1996,1,1,1996,1995,"W9605_1995","F",1,"WithMother",3.88,"1"
"1065","W9605_1997","W9605",1997,0,1,1997,1996,"W9605_1996","F",2,"WithMother",2.32,"0"
"1066","W9605_1998","W9605",1998,1,1,1998,1997,"W9605_1997","F",3,"SolitaryF",2.44,"1"
"1067","W9606_1996","W9606",1996,1,1,1996,1995,"W9606_1995","F",1,"WithMother",4.51,"1"
"1068","W9607_1996","W9607",1996,1,1,1996,1995,"W9607_1995","F",1,"WithMother",4.33,"1"
"1069","W9608_1996","W9608",1996,0,1,1996,1995,"W9608_1995","M",1,"WithMother",4.63,"0"
"1070","W9608_1998","W9608",1998,0,1,1998,1997,"W9608_1997","M",3,"SolitaryM",3.29,"0"
"1071","W9609_1996","W9609",1996,0,1,1996,1995,"W9609_1995","M",1,"WithMother",4.95,"0"
"1072","W9609_1997","W9609",1997,0,1,1997,1996,"W9609_1996","M",2,"SolitaryM",3.77,"0"
"1073","W9609_1998","W9609",1998,2,1,1998,1997,"W9609_1997","M",3,"SolitaryM",3.32,"2"
"1074","W9610_1996","W9610",1996,0,1,1996,1995,"W9610_1995","M",1,"WithMother",5.54,"0"
"1075","W9610_1998","W9610",1998,2,1,1998,1997,"W9610_1997","M",3,"SolitaryM",3.16,"2"
"1076","W9611_1997","W9611",1997,0,1,1997,1996,"W9611_1996","M",2,"SolitaryM",4,"0"
"1077","W9611_1998","W9611",1998,2,1,1998,1997,"W9611_1997","M",3,"SolitaryM",3.38,"2"
"1078","W9611_1999","W9611",1999,2,1,1999,1998,"W9611_1998","M",4,"SolitaryM",4.9,"2"
"1079","W9612_1996","W9612",1996,0,1,1996,1995,"W9612_1995","M",1,"WithMother",3.89,"0"
"1080","W9612_1997","W9612",1997,0,1,1997,1996,"W9612_1996","M",2,"SolitaryM",3.85,"0"
"1081","W9612_1998","W9612",1998,2,1,1998,1997,"W9612_1997","M",3,"SolitaryM",3.3,"2"
"1082","W9612_1999","W9612",1999,2,1,1999,1998,"W9612_1998","M",4,"SolitaryM",3.35,"2"
"1083","W9613_1996","W9613",1996,1,1,1996,1995,"W9613_1995","F",1,"WithMother",5.53,"1"
"1084","W9614_1996","W9614",1996,1,1,1996,1995,"W9614_1995","M",1,"WithMother",4.79,"1"
"1085","W9614_1998","W9614",1998,2,1,1998,1997,"W9614_1997","M",3,"SolitaryM",3.33,"2"
"1086","W9615_1996","W9615",1996,1,1,1996,1995,"W9615_1995","F",1,"WithMother",5.77,"1"
"1087","W9615_2003","W9615",2003,2,1,2003,2002,"W9615_2002","F",8,"WithCubs",4.58,"2"
"1088","W9615_2005","W9615",2005,2,2,2005,2004,"W9615_2004","F",10,"WithCubs",6.9,"2"
"1089","W9615_2007","W9615",2007,2,1,2007,2006,"W9615_2006","F",12,"WithCubs",3.83,"2"
"1090","W9615_2009","W9615",2009,2,2,2009,2008,"W9615_2008","F",14,"WithCubs",11.17,"2"
"1091","W9615_2011","W9615",2011,2,2,2011,2010,"W9615_2010","F",16,"WithCubs",12.77,"2"
"1092","W9701_1997","W9701",1997,0,1,1997,1996,"W9701_1996","M",1,"WithMother",4.98,"0"
"1093","W9702_1997","W9702",1997,0,1,1997,1996,"W9702_1996","M",1,"WithMother",4.31,"0"
"1094","W9703_1997","W9703",1997,0,1,1997,1996,"W9703_1996","F",1,"WithMother",3.75,"0"
"1095","W9704_1997","W9704",1997,0,1,1997,1996,"W9704_1996","M",1,"WithMother",3.33,"0"
"1096","W9705_1997","W9705",1997,0,1,1997,1996,"W9705_1996","M",1,"WithMother",2.5,"0"
"1097","W9801_1998","W9801",1998,1,1,1998,1997,"W9801_1997","M",1,"WithMother",4.11,"1"
"1098","W9802_1998","W9802",1998,2,1,1998,1997,"W9802_1997","M",15,"SolitaryM",3.38,"2"
"1099","W9803_1998","W9803",1998,2,1,1998,1997,"W9803_1997","F",1,"WithMother",3.65,"2"
"1100","W9804_1998","W9804",1998,2,1,1998,1997,"W9804_1997","F",1,"WithMother",4.18,"2"
"1101","W9804_2001","W9804",2001,2,1,2001,2000,"W9804_2000","F",4,"SolitaryF",4.53,"2"
"1102","W9804_2003","W9804",2003,1,2,2003,2002,"W9804_2002","F",6,"WithCubs",16.2,"1"
"1103","W9804_2005","W9804",2005,2,1,2005,2004,"W9804_2004","F",8,"WithCubs",4.45,"2"
"1104","W9805_1998","W9805",1998,2,1,1998,1997,"W9805_1997","F",1,"WithMother",4.69,"2"
"1106","W9806_1999","W9806",1999,2,1,1999,1998,"W9806_1998","F",3,"SolitaryF",4.53,"2"
"1107","W9806_2000","W9806",2000,2,1,2000,1999,"W9806_1999","F",4,"SolitaryF",9.85,"2"
"1108","W9806_2005","W9806",2005,2,1,2005,2004,"W9806_2004","F",9,"WithCubs",5.18,"2"
"1109","W9806_2007","W9806",2007,2,1,2007,2006,"W9806_2006","F",11,"WithCubs",4.89,"2"
"1110","W9807_1999","W9807",1999,2,1,1999,1998,"W9807_1998","M",11,"SolitaryM",3.25,"2"
"1112","W9808_1998","W9808",1998,1,1,1998,1997,"W9808_1997","F",1,"WithMother",4.65,"1"
"1114","W9809_1998","W9809",1998,0,1,1998,1997,"W9809_1997","M",1,"WithMother",3.81,"0"
"1115","W9811_1998","W9811",1998,2,1,1998,1997,"W9811_1997","M",13,"SolitaryM",2.2,"2"
"1116","W9811_1999","W9811",1999,2,1,1999,1998,"W9811_1998","M",14,"SolitaryM",3.75,"2"
"1118","W9812_1998","W9812",1998,1,1,1998,1997,"W9812_1997","F",1,"WithMother",5.36,"1"
"1119","W9812_1998","W9812",1998,1,1,1998,1997,"W9812_1997","F",1,"WithMother",3.56,"1"
"1120","W9812_1998","W9812",1998,2,1,1998,1997,"W9812_1997","F",1,"WithMother",5.36,"2"
"1121","W9812_1998","W9812",1998,2,1,1998,1997,"W9812_1997","F",1,"WithMother",3.56,"2"
"1122","W9812_2000","W9812",2000,2,1,2000,1999,"W9812_1999","F",3,"SolitaryF",3.86,"2"
"1123","W9813_1998","W9813",1998,1,1,1998,1997,"W9813_1997","M",1,"WithMother",3.98,"1"
"1124","W9814_1998","W9814",1998,1,1,1998,1997,"W9814_1997","F",1,"WithMother",4.23,"1"
"1125","W9814_2001","W9814",2001,2,1,2001,2000,"W9814_2000","F",4,"SolitaryF",4.33,"2"
"1126","W9814_2004","W9814",2004,2,1,2004,2003,"W9814_2003","F",7,"WithCubs",3.81,"2"
"1127","W9814_2007","W9814",2007,2,1,2007,2006,"W9814_2006","F",10,"WithCubs",4.89,"2"
"1128","W9814_2010","W9814",2010,2,2,2010,2009,"W9814_2009","F",13,"WithCubs",16.33,"2"
"1129","W9814_2012","W9814",2012,1,2,2012,2011,"W9814_2011","F",15,"SolitaryF",6.14,"1"
"1130","W9901_1999","W9901",1999,2,1,1999,1998,"W9901_1998","M",6,"SolitaryM",3.15,"2"
"1131","W9902_1999","W9902",1999,2,1,1999,1998,"W9902_1998","F",1,"WithMother",3.24,"2"
"1133","W9903_2005","W9903",2005,0,1,2005,2004,"W9903_2004","F",8,"WithCubs",6.47,"0"
"1135","W9903_2010","W9903",2010,2,2,2010,2009,"W9903_2009","F",13,"WithCubs",13.65,"2"
"1138","W9904_1999","W9904",1999,0,1,1999,1998,"W9904_1998","F",5,"WithCubs",2.85,"0"
"1139","W9905_1999","W9905",1999,2,1,1999,1998,"W9905_1998","F",1,"WithMother",3.01,"2"
"1140","W9907_1999","W9907",1999,2,1,1999,1998,"W9907_1998","M",1,"WithMother",2.68,"2"
"1142","W9908_1999","W9908",1999,2,1,1999,1998,"W9908_1998","F",1,"WithMother",4.13,"2"
"1143","W9908_2000","W9908",2000,2,1,2000,1999,"W9908_1999","F",2,"SolitaryF",3.3,"2"
"1144","W9909_2001","W9909",2001,2,1,2001,2000,"W9909_2000","F",12,"WithCubs",5.29,"2"
"1145","W9909_2003","W9909",2003,2,1,2003,2002,"W9909_2002","F",14,"WithCubs",4.25,"2"
"1146","W9909_2006","W9909",2006,2,1,2006,2005,"W9909_2005","F",17,"WithCubs",3.84,"2"
"1147","W9910_1999","W9910",1999,1,1,1999,1998,"W9910_1998","F",1,"WithMother",4.37,"1"
"1148","W9911_1999","W9911",1999,2,1,1999,1998,"W9911_1998","F",1,"WithMother",4.42,"2"
"1149","W9912_1999","W9912",1999,2,1,1999,1998,"W9912_1998","F",1,"WithMother",4.31,"2"
"1150","W9913_1999","W9913",1999,2,1,1999,1998,"W9913_1998","F",1,"WithMother",4.17,"2"
"1152","W9913_2004","W9913",2004,2,1,2004,2003,"W9913_2003","F",6,"WithCubs",2.7,"2"
"1153","W9913_2006","W9913",2006,2,1,2006,2005,"W9913_2005","F",8,"WithCubs",4.64,"2"
"1154","W9914_1999","W9914",1999,1,1,1999,1998,"W9914_1998","F",1,"WithMother",4.26,"1"
"1156","W9914_2006","W9914",2006,2,1,2006,2005,"W9914_2005","F",8,"WithCubs",3.75,"2"
"1157","W9914_2009","W9914",2009,2,2,2009,2008,"W9914_2008","F",11,"WithCubs",12.28,"2"
"1158","W9914_2013","W9914",2013,2,2,2013,2012,"W9914_2012","F",15,"WithCubs",7.84,"2"
"1159","W9915_1999","W9915",1999,2,1,1999,1998,"W9915_1998","M",1,"WithMother",2.96,"2"
"1160","W9916_1999","W9916",1999,2,1,1999,1998,"W9916_1998","M",5,"SolitaryM",1.79,"2"
"1164","W9917_1999","W9917",1999,1,1,1999,1998,"W9917_1998","M",4,"SolitaryM",3.08,"1"
"1165","W9918_1999","W9918",1999,2,1,1999,1998,"W9918_1998","M",1,"WithMother",3.87,"2"
"1166","W9918_2000","W9918",2000,2,1,2000,1999,"W9918_1999","M",2,"SolitaryM",4.38,"2"
"1167","W9918_2001","W9918",2001,2,1,2001,2000,"W9918_2000","M",3,"SolitaryM",3.43,"2"
"1169","W9919_1999","W9919",1999,2,1,1999,1998,"W9919_1998","F",1,"WithMother",4.24,"2"
"1170","W9920_1999","W9920",1999,2,1,1999,1998,"W9920_1998","M",1,"WithMother",3.27,"2"
"1171","W9920_2000","W9920",2000,1,1,2000,1999,"W9920_1999","M",2,"SolitaryM",5.23,"1"
"1172","W9921_1999","W9921",1999,2,1,1999,1998,"W9921_1998","M",8,"SolitaryM",2.45,"2"
"1173","W9921_2000","W9921",2000,2,1,2000,1999,"W9921_1999","M",9,"SolitaryM",2.95,"2"
"1174","W9921_2000","W9921",2000,2,1,2000,1999,"W9921_1999","M",9,"SolitaryM",3.46,"2"
