,X,bearyear.sampled,Bear.ID,Year,Follicles,Cortisol.kit,year.sampled,year.represent,bearyear.represent,sex,age,Repro,HCC,fFOL,Zcort,Zage
3,13,W0006_2000,W0006,2000,1,1,2000,1999,W0006_1999,M,1,Offspring accompanying mother,5.14,1,-0.356429884,-0.875026006
4,14,W0007_2000,W0007,2000,1,1,2000,1999,W0007_1999,M,1,Offspring accompanying mother,4.35,1,-0.578951217,-0.875026006
5,15,W0008_2000,W0008,2000,2,1,2000,1999,W0008_1999,F,1,Offspring accompanying mother,4.16,2,-0.632469006,-0.875026006
6,16,W0009_2000,W0009,2000,2,1,2000,1999,W0009_1999,M,1,Offspring accompanying mother,3.52,2,-0.812739453,-0.875026006
7,17,W0010_2000,W0010,2000,2,1,2000,1999,W0010_1999,F,1,Offspring accompanying mother,4.14,2,-0.638102458,-0.875026006
8,18,W0010_2002,W0010,2002,2,1,2002,2001,W0010_2001,F,3,Solitary female,4,2,-0.677536618,-0.479062889
9,19,W0010_2003,W0010,2003,1,1,2003,2002,W0010_2002,F,4,Solitary female,2.52,1,-1.094412026,-0.28108133
10,20,W0010_2006,W0010,2006,2,2,2006,2005,W0010_2005,F,7,Female with dependent offspring,8.1,2,0.477320932,0.312863347
11,22,W0011_2000,W0011,2000,1,1,2000,1999,W0011_1999,M,1,Offspring accompanying mother,3.52,1,-0.812739453,-0.875026006
12,23,W0012_2000,W0012,2000,2,1,2000,1999,W0012_1999,M,9,Solitary male,3.79,2,-0.736687858,0.708826465
14,30,W0013_2000,W0013,2000,2,1,2000,1999,W0013_1999,M,5,Solitary male,2.54,2,-1.088778574,-0.083099771
18,37,W0014_2000,W0014,2000,1,1,2000,1999,W0014_1999,M,1,Offspring accompanying mother,3.19,1,-0.905691402,-0.875026006
19,39,W0015_2000,W0015,2000,1,1,2000,1999,W0015_1999,F,1,Offspring accompanying mother,3.43,1,-0.838089984,-0.875026006
20,42,W0016_2000,W0016,2000,2,1,2000,1999,W0016_1999,M,6,Solitary male,2.81,2,-1.01272698,0.114881788
21,43,W0017_2000,W0017,2000,1,1,2000,1999,W0017_1999,M,1,Offspring accompanying mother,3.52,1,-0.812739453,-0.875026006
22,44,W0018_2000,W0018,2000,2,1,2000,1999,W0018_1999,F,1,Offspring accompanying mother,3.92,2,-0.700070424,-0.875026006
23,45,W0018_2003,W0018,2003,2,1,2003,2002,W0018_2002,F,4,Solitary female,4.57,2,-0.516983251,-0.28108133
24,46,W0018_2005,W0018,2005,2,1,2005,2004,W0018_2004,F,6,Female with dependent offspring,5.15,2,-0.353613159,0.114881788
25,47,W0018_2007,W0018,2007,1,2,2007,2006,W0018_2006,F,8,Female with dependent offspring,6.87,1,0.130863667,0.510844906
26,48,W0019_2000,W0019,2000,2,1,2000,1999,W0019_1999,F,1,Offspring accompanying mother,3.73,2,-0.753588212,-0.875026006
27,49,W0020_2000,W0020,2000,2,1,2000,1999,W0020_1999,F,1,Offspring accompanying mother,4.93,2,-0.415581125,-0.875026006
28,50,W0021_2000,W0021,2000,1,2,2000,1999,W0021_1999,F,1,Offspring accompanying mother,7.45,1,0.294233759,-0.875026006
29,51,W0021_2003,W0021,2003,1,1,2003,2002,W0021_2002,F,4,Solitary female,3.68,1,-0.767671841,-0.28108133
30,52,W0021_2003,W0021,2003,1,1,2003,2002,W0021_2002,F,4,Solitary female,5.73,1,-0.190243066,-0.28108133
31,53,W0022_2000,W0022,2000,1,2,2000,1999,W0022_1999,M,1,Offspring accompanying mother,12.57,1,1.736397334,-0.875026006
32,54,W0023_2000,W0023,2000,0,2,2000,1999,W0023_1999,M,1,Offspring accompanying mother,5.7,0,-0.198693243,-0.875026006
33,55,W0024_2000,W0024,2000,1,1,2000,1999,W0024_1999,M,1,Offspring accompanying mother,3.98,1,-0.683170069,-0.875026006
34,56,W0025_2000,W0025,2000,1,1,2000,1999,W0025_1999,F,1,Offspring accompanying mother,4.2,1,-0.621202103,-0.875026006
36,66,W0104_2006,W0104,2006,2,2,2006,2005,W0104_2005,F,6,Female with dependent offspring,11.35,2,1.392756794,0.114881788
41,78,W0107_2007,W0107,2007,2,2,2007,2006,W0107_2006,F,7,Female with dependent offspring,8.71,2,0.649141202,0.312863347
42,79,W0107_2009,W0107,2009,2,2,2009,2008,W0107_2008,F,9,Female with dependent offspring,12.44,2,1.699779899,0.708826465
45,86,W0111_2001,W0111,2001,1,1,2001,2000,W0111_2000,M,7,Solitary male,3.34,1,-0.863440516,0.312863347
46,87,W0112_2001,W0112,2001,2,2,2001,2000,W0112_2000,M,1,Offspring accompanying mother,8.83,2,0.68294191,-0.875026006
47,88,W0113_2001,W0113,2001,1,2,2001,2000,W0113_2000,M,1,Offspring accompanying mother,10.46,1,1.142068204,-0.875026006
48,89,W0114_2001,W0114,2001,1,2,2001,2000,W0114_2000,M,1,Offspring accompanying mother,11.02,1,1.299804845,-0.875026006
49,90,W0115_2001,W0115,2001,1,1,2001,2000,W0115_2000,M,1,Offspring accompanying mother,3.46,1,-0.829639807,-0.875026006
50,91,W0116_2001,W0116,2001,1,1,2001,2000,W0116_2000,M,1,Offspring accompanying mother,3.98,1,-0.683170069,-0.875026006
51,92,W0117_2001,W0117,2001,1,1,2001,2000,W0117_2000,F,1,Offspring accompanying mother,4.97,1,-0.404314222,-0.875026006
52,93,W0118_2001,W0118,2001,1,1,2001,2000,W0118_2000,M,1,Offspring accompanying mother,4.97,1,-0.404314222,-0.875026006
53,94,W0119_2001,W0119,2001,2,1,2001,2000,W0119_2000,M,1,Offspring accompanying mother,4.74,2,-0.469098914,-0.875026006
54,97,W0120_2003,W0120,2003,0,1,2003,2002,W0120_2002,F,4,Solitary female,5.24,0,-0.328262627,-0.28108133
55,108,W0208_2004,W0208,2004,2,1,2004,2003,W0208_2003,F,3,Solitary female,3.46,2,-0.829639807,-0.479062889
56,109,W0208_2005,W0208,2005,2,1,2005,2004,W0208_2004,F,4,Solitary female,4.87,2,-0.432481479,-0.28108133
57,112,W0209_2005,W0209,2005,2,1,2005,2004,W0209_2004,F,4,Solitary female,3.83,2,-0.725420955,-0.28108133
58,113,W0209_2007,W0209,2007,2,2,2007,2006,W0209_2006,F,6,Female with dependent offspring,7.97,2,0.440703497,0.114881788
59,115,W0210_2010,W0210,2010,2,2,2010,2009,W0210_2009,M,9,Solitary male,4.92,2,-0.418397851,0.708826465
60,118,W0212_2005,W0212,2005,2,1,2005,2004,W0212_2004,F,4,Solitary female,5.73,2,-0.190243066,-0.28108133
61,119,W0212_2006,W0212,2006,1,1,2006,2005,W0212_2005,F,5,Solitary female,3.13,1,-0.922591756,-0.083099771
62,120,W0212_2007,W0212,2007,2,1,2007,2006,W0212_2006,F,6,Solitary female,3.82,2,-0.728237681,0.114881788
63,126,W0217_2004,W0217,2004,2,1,2004,2003,W0217_2003,F,3,Solitary female,3.49,2,-0.82118963,-0.479062889
64,127,W0217_2005,W0217,2005,2,1,2005,2004,W0217_2004,F,4,Solitary female,4.11,2,-0.646552635,-0.28108133
65,128,W0217_2006,W0217,2006,1,1,2006,2005,W0217_2005,F,5,Solitary female,3.16,1,-0.914141579,-0.083099771
68,135,W0219_2005,W0219,2005,1,1,2005,2004,W0219_2004,F,4,Solitary female,5.33,1,-0.302912096,-0.28108133
69,136,W0219_2010,W0219,2010,2,2,2010,2009,W0219_2009,F,9,Solitary female,8.4,2,0.561822704,0.708826465
71,142,W0221_2005,W0221,2005,2,1,2005,2004,W0221_2004,F,4,Solitary female,4.9,2,-0.424031302,-0.28108133
72,144,W0222_2005,W0222,2005,0,1,2005,2004,W0222_2004,M,4,Solitary male,4.92,0,-0.418397851,-0.28108133
76,155,W0229_2006,W0229,2006,2,2,2006,2005,W0229_2005,F,8,Female with dependent offspring,8.82,2,0.680125185,0.510844906
79,171,W0237_2004,W0237,2004,2,2,2004,2003,W0237_2003,F,7,Female with dependent offspring,6.57,2,0.046361895,0.312863347
81,175,W0301_2003,W0301,2003,2,2,2003,2002,W0301_2002,M,1,Offspring accompanying mother,9.94,2,0.995598466,-0.875026006
82,176,W0302_2003,W0302,2003,1,2,2003,2002,W0302_2002,M,1,Offspring accompanying mother,8.86,1,0.691392087,-0.875026006
83,177,W0303_2003,W0303,2003,0,1,2003,2002,W0303_2002,F,1,Offspring accompanying mother,4.24,0,-0.6099352,-0.875026006
84,178,W0303_2005,W0303,2005,0,1,2005,2004,W0303_2004,F,3,Solitary female,4.54,0,-0.525433428,-0.479062889
85,179,W0303_2007,W0303,2007,2,1,2007,2006,W0303_2006,F,5,Solitary female,3.34,2,-0.863440516,-0.083099771
86,180,W0303_2011,W0303,2011,2,2,2011,2010,W0303_2010,F,9,Female with dependent offspring,7.03,2,0.175931279,0.708826465
88,186,W0308_2003,W0308,2003,2,2,2003,2002,W0308_2002,M,1,Offspring accompanying mother,10.3,2,1.097000593,-0.875026006
89,187,W0309_2003,W0309,2003,2,2,2003,2002,W0309_2002,F,1,Offspring accompanying mother,13.43,2,1.978635746,-0.875026006
90,188,W0310_2003,W0310,2003,0,1,2003,2002,W0310_2002,M,1,Offspring accompanying mother,5.08,0,-0.373330239,-0.875026006
91,189,W0311_2003,W0311,2003,1,1,2003,2002,W0311_2002,F,1,Offspring accompanying mother,5.83,1,-0.162075809,-0.875026006
92,190,W0312_2003,W0312,2003,1,1,2003,2002,W0312_2002,M,1,Offspring accompanying mother,6.66,1,0.071712427,-0.875026006
93,191,W0313_2003,W0313,2003,2,2,2003,2002,W0313_2002,M,1,Offspring accompanying mother,10.46,2,1.142068204,-0.875026006
94,192,W0314_2003,W0314,2003,1,2,2003,2002,W0314_2002,M,1,Offspring accompanying mother,9.26,1,0.804061117,-0.875026006
95,193,W0315_2003,W0315,2003,1,1,2003,2002,W0315_2002,M,1,Offspring accompanying mother,5.03,1,-0.387413867,-0.875026006
96,194,W0316_2003,W0316,2003,1,1,2003,2002,W0316_2002,M,1,Offspring accompanying mother,7.1,1,0.195648359,-0.875026006
97,196,W0318_2003,W0318,2003,2,2,2003,2002,W0318_2002,F,1,Offspring accompanying mother,6.38,2,-0.007155894,-0.875026006
98,197,W0319_2003,W0319,2003,1,2,2003,2002,W0319_2002,M,1,Offspring accompanying mother,10.47,1,1.14488493,-0.875026006
99,198,W0320_2003,W0320,2003,1,2,2003,2002,W0320_2002,M,1,Offspring accompanying mother,11.04,1,1.305438297,-0.875026006
100,199,W0321_2003,W0321,2003,2,2,2003,2002,W0321_2002,M,1,Offspring accompanying mother,13.53,2,2.006803004,-0.875026006
101,200,W0322_2003,W0322,2003,2,2,2003,2002,W0322_2002,M,1,Offspring accompanying mother,12.91,2,1.832166008,-0.875026006
104,211,W0401_2004,W0401,2004,1,1,2004,2003,W0401_2003,F,1,Offspring accompanying mother,4.39,1,-0.567684314,-0.875026006
105,212,W0402_2004,W0402,2004,1,1,2004,2003,W0402_2003,F,1,Offspring accompanying mother,3.9,1,-0.705703875,-0.875026006
106,213,W0402_2004,W0402,2004,1,1,2004,2003,W0402_2003,F,1,Offspring accompanying mother,4.35,1,-0.578951217,-0.875026006
107,214,W0403_2004,W0403,2004,1,1,2004,2003,W0403_2003,F,1,Offspring accompanying mother,4.01,1,-0.674719892,-0.875026006
108,215,W0404_2004,W0404,2004,1,1,2004,2003,W0404_2003,M,1,Offspring accompanying mother,3.61,1,-0.787388921,-0.875026006
109,216,W0405_2004,W0405,2004,1,1,2004,2003,W0405_2003,F,1,Offspring accompanying mother,3.36,1,-0.857807065,-0.875026006
110,221,W0408_2004,W0408,2004,1,2,2004,2003,W0408_2003,M,1,Offspring accompanying mother,8.66,1,0.635057573,-0.875026006
111,222,W0409_2004,W0409,2004,1,2,2004,2003,W0409_2003,M,1,Offspring accompanying mother,12.86,1,1.81808238,-0.875026006
112,223,W0410_2004,W0410,2004,1,2,2004,2003,W0410_2003,F,1,Offspring accompanying mother,12.18,1,1.62654503,-0.875026006
113,224,W0410_2006,W0410,2006,2,1,2006,2005,W0410_2005,F,3,Solitary female,4.93,2,-0.415581125,-0.479062889
114,225,W0410_2007,W0410,2007,2,1,2007,2006,W0410_2006,F,4,Solitary female,2.78,2,-1.021177157,-0.28108133
115,226,W0411_2004,W0411,2004,1,2,2004,2003,W0411_2003,F,1,Offspring accompanying mother,11.88,1,1.542043258,-0.875026006
116,227,W0411_2006,W0411,2006,0,1,2006,2005,W0411_2005,F,3,Solitary female,3.43,0,-0.838089984,-0.479062889
117,228,W0411_2007,W0411,2007,2,1,2007,2006,W0411_2006,F,4,Solitary female,3.87,2,-0.714154052,-0.28108133
118,230,W0411_2009,W0411,2009,1,2,2009,2008,W0411_2008,F,6,Solitary female,8.47,1,0.581539784,0.114881788
119,231,W0412_2004,W0412,2004,1,1,2004,2003,W0412_2003,F,1,Offspring accompanying mother,3.6,1,-0.790205647,-0.875026006
120,232,W0413_2004,W0413,2004,1,1,2004,2003,W0413_2003,M,1,Offspring accompanying mother,4.22,1,-0.615568652,-0.875026006
121,234,W0415_2004,W0415,2004,1,1,2004,2003,W0415_2003,F,1,Offspring accompanying mother,3.1,1,-0.931041934,-0.875026006
122,235,W0415_2007,W0415,2007,2,1,2007,2006,W0415_2006,F,4,Solitary female,2.6,2,-1.07187822,-0.28108133
123,236,W0416_2004,W0416,2004,1,1,2004,2003,W0416_2003,F,1,Offspring accompanying mother,3.79,1,-0.736687858,-0.875026006
124,237,W0416_2007,W0416,2007,2,1,2007,2006,W0416_2006,F,4,Solitary female,3.02,2,-0.953575739,-0.28108133
125,238,W0417_2004,W0417,2004,2,1,2004,2003,W0417_2003,M,1,Offspring accompanying mother,4.79,2,-0.455015285,-0.875026006
126,239,W0418_2004,W0418,2004,2,2,2004,2003,W0418_2003,M,1,Offspring accompanying mother,8.65,2,0.632240847,-0.875026006
127,240,W0419_2004,W0419,2004,2,2,2004,2003,W0419_2003,F,1,Offspring accompanying mother,12.88,2,1.823715831,-0.875026006
128,242,W0422_2004,W0422,2004,1,2,2004,2003,W0422_2003,F,1,Offspring accompanying mother,7.75,1,0.378735531,-0.875026006
129,246,W0422_2009,W0422,2009,2,2,2009,2008,W0422_2008,F,6,Solitary female,8.8,2,0.674491733,0.114881788
131,252,W0425_2006,W0425,2006,1,2,2006,2005,W0425_2005,F,6,Female with dependent offspring,8.33,1,0.542105624,0.114881788
132,254,W0425_2009,W0425,2009,2,2,2009,2008,W0425_2008,F,9,Solitary female,8.28,2,0.528021995,0.708826465
135,262,W0502_2005,W0502,2005,2,1,2005,2004,W0502_2004,M,1,Offspring accompanying mother,6.43,2,0.006927735,-0.875026006
136,263,W0503_2005,W0503,2005,2,1,2005,2004,W0503_2004,F,1,Offspring accompanying mother,5.39,2,-0.286011741,-0.875026006
137,264,W0503_2007,W0503,2007,2,1,2007,2006,W0503_2006,F,3,Solitary female,4.61,2,-0.505716348,-0.479062889
138,266,W0503_2009,W0503,2009,2,2,2009,2008,W0503_2008,F,5,Solitary female,7.79,2,0.390002434,-0.083099771
139,267,W0504_2005,W0504,2005,1,2,2005,2004,W0504_2004,F,1,Offspring accompanying mother,6.23,1,-0.04940678,-0.875026006
140,268,W0504_2010,W0504,2010,2,2,2010,2009,W0504_2009,F,6,Solitary female,4.43,2,-0.556417411,0.114881788
141,269,W0505_2005,W0505,2005,1,1,2005,2004,W0505_2004,F,1,Offspring accompanying mother,5.83,1,-0.162075809,-0.875026006
142,270,W0506_2005,W0506,2005,1,1,2005,2004,W0506_2004,M,1,Offspring accompanying mother,6.89,1,0.136497118,-0.875026006
143,271,W0507_2005,W0507,2005,2,1,2005,2004,W0507_2004,F,1,Offspring accompanying mother,5.97,2,-0.122641649,-0.875026006
144,272,W0507_2007,W0507,2007,2,1,2007,2006,W0507_2006,F,3,Solitary female,2.72,2,-1.038077511,-0.479062889
145,274,W0507_2009,W0507,2009,1,2,2009,2008,W0507_2008,F,5,Solitary female,7.54,1,0.319584291,-0.083099771
146,275,W0508_2005,W0508,2005,1,1,2005,2004,W0508_2004,F,1,Offspring accompanying mother,7.32,1,0.257616325,-0.875026006
147,277,W0510_2005,W0510,2005,1,1,2005,2004,W0510_2004,M,1,Offspring accompanying mother,7.28,1,0.246349422,-0.875026006
148,278,W0511_2005,W0511,2005,2,1,2005,2004,W0511_2004,F,1,Offspring accompanying mother,8.55,2,0.60407359,-0.875026006
149,279,W0512_2005,W0512,2005,1,2,2005,2004,W0512_2004,M,1,Offspring accompanying mother,9.14,1,0.770260408,-0.875026006
150,281,W0514_2005,W0514,2005,1,2,2005,2004,W0514_2004,M,1,Offspring accompanying mother,11.56,1,1.451908035,-0.875026006
151,282,W0515_2005,W0515,2005,2,2,2005,2004,W0515_2004,M,1,Offspring accompanying mother,8.65,2,0.632240847,-0.875026006
153,286,W0601_2006,W0601,2006,2,2,2006,2005,W0601_2005,M,1,Offspring accompanying mother,10.02,2,1.018132272,-0.875026006
154,287,W0602_2006,W0602,2006,0,2,2006,2005,W0602_2005,F,1,Offspring accompanying mother,15.59,0,2.587048504,-0.875026006
155,289,W0604_2006,W0604,2006,1,2,2006,2005,W0604_2005,M,1,Offspring accompanying mother,8.31,1,0.536472172,-0.875026006
156,290,W0605_2006,W0605,2006,1,2,2006,2005,W0605_2005,F,1,Offspring accompanying mother,13.15,1,1.899767426,-0.875026006
157,291,W0605_2010,W0605,2010,2,2,2010,2009,W0605_2009,F,5,Solitary female,3.78,2,-0.739504584,-0.083099771
158,292,W0605_2011,W0605,2011,2,2,2011,2010,W0605_2010,F,6,Solitary female,5.61,2,-0.224043775,0.114881788
159,293,W0605_2012,W0605,2012,2,2,2012,2011,W0605_2011,F,7,Solitary female,5.2,2,-0.33952953,0.312863347
160,294,W0605_2013,W0605,2013,1,2,2013,2012,W0605_2012,F,8,Female with dependent offspring,8.18,1,0.499854738,0.510844906
162,301,W0606_2006,W0606,2006,1,2,2006,2005,W0606_2005,F,1,Offspring accompanying mother,12.76,1,1.789915123,-0.875026006
163,305,W0610_2006,W0610,2006,1,2,2006,2005,W0610_2005,F,1,Offspring accompanying mother,10.05,1,1.026582449,-0.875026006
164,307,W0610_2009,W0610,2009,1,2,2009,2008,W0610_2008,F,4,Solitary female,16.43,1,2.823653466,-0.28108133
165,308,W0610_2010,W0610,2010,2,2,2010,2009,W0610_2009,F,5,Solitary female,5.52,2,-0.249394307,-0.083099771
166,309,W0610_2010,W0610,2010,2,2,2010,2009,W0610_2009,F,5,Solitary female,4.69,2,-0.483182542,-0.083099771
167,310,W0610_2010,W0610,2010,1,2,2010,2009,W0610_2009,F,5,Solitary female,5.52,1,-0.249394307,-0.083099771
168,311,W0610_2010,W0610,2010,1,2,2010,2009,W0610_2009,F,5,Solitary female,4.69,1,-0.483182542,-0.083099771
169,312,W0610_2011,W0610,2011,2,2,2011,2010,W0610_2010,F,6,Solitary female,5.69,2,-0.201509969,0.114881788
170,313,W0610_2012,W0610,2012,1,2,2012,2011,W0610_2011,F,7,Solitary female,5.26,1,-0.322629176,0.312863347
171,314,W0610_2013,W0610,2013,1,2,2013,2012,W0610_2012,F,8,Solitary female,9.85,1,0.970247935,0.510844906
172,316,W0611_2006,W0611,2006,1,2,2006,2005,W0611_2005,F,1,Offspring accompanying mother,10.22,1,1.074466787,-0.875026006
173,317,W0611_2009,W0611,2009,2,2,2009,2008,W0611_2008,F,4,Solitary female,8.32,2,0.539288898,-0.28108133
174,318,W0611_2010,W0611,2010,2,2,2010,2009,W0611_2009,F,5,Solitary female,5.19,2,-0.342346256,-0.083099771
175,319,W0611_2011,W0611,2011,2,2,2011,2010,W0611_2010,F,6,Solitary female,5.83,2,-0.162075809,0.114881788
176,320,W0611_2012,W0611,2012,1,2,2012,2011,W0611_2011,F,7,Solitary female,6.74,1,0.094246233,0.312863347
177,321,W0611_2013,W0611,2013,1,2,2013,2012,W0611_2012,F,8,Solitary female,13.91,1,2.113838582,0.510844906
178,322,W0612_2006,W0612,2006,1,1,2006,2005,W0612_2005,M,1,Offspring accompanying mother,3.9,1,-0.705703875,-0.875026006
179,324,W0612_2009,W0612,2009,1,2,2009,2008,W0612_2008,M,4,Solitary male,9.03,1,0.739276425,-0.28108133
180,325,W0613_2006,W0613,2006,0,1,2006,2005,W0613_2005,M,1,Offspring accompanying mother,4.52,0,-0.53106688,-0.875026006
181,327,W0614_2006,W0614,2006,2,1,2006,2005,W0614_2005,M,1,Offspring accompanying mother,6.13,2,-0.077574037,-0.875026006
182,328,W0615_2006,W0615,2006,2,1,2006,2005,W0615_2005,M,1,Offspring accompanying mother,7.22,2,0.229449068,-0.875026006
183,330,W0616_2009,W0616,2009,1,2,2009,2008,W0616_2008,F,4,Solitary female,8.81,1,0.677308459,-0.28108133
184,331,W0616_2010,W0616,2010,1,2,2010,2009,W0616_2009,F,5,Solitary female,4.83,1,-0.443748382,-0.083099771
185,333,W0618_2006,W0618,2006,2,2,2006,2005,W0618_2005,M,1,Offspring accompanying mother,9.66,2,0.916730146,-0.875026006
186,334,W0618_2007,W0618,2007,2,1,2007,2006,W0618_2006,M,2,Offspring accompanying mother,3.04,2,-0.947942288,-0.677044447
187,335,W0619_2006,W0619,2006,1,2,2006,2005,W0619_2005,M,1,Offspring accompanying mother,7.54,1,0.319584291,-0.875026006
188,336,W0619_2007,W0619,2007,2,1,2007,2006,W0619_2006,M,2,Offspring accompanying mother,4.04,2,-0.666269715,-0.677044447
189,339,W0620_2009,W0620,2009,2,2,2009,2008,W0620_2008,F,4,Solitary female,9.21,2,0.789977488,-0.28108133
190,340,W0620_2012,W0620,2012,2,2,2012,2011,W0620_2011,F,7,Female with dependent offspring,8,2,0.449153675,0.312863347
191,341,W0620_2013,W0620,2013,1,2,2013,2012,W0620_2012,F,8,Solitary female,31.33,1,7.020574805,0.510844906
193,344,W0621_2006,W0621,2006,2,1,2006,2005,W0621_2005,F,1,Offspring accompanying mother,4.53,2,-0.528250154,-0.875026006
194,345,W0621_2009,W0621,2009,2,2,2009,2008,W0621_2008,F,4,Solitary female,6.99,2,0.164664376,-0.28108133
195,346,W0621_2011,W0621,2011,1,2,2011,2010,W0621_2010,F,6,Solitary female,7.05,1,0.18156473,0.114881788
196,347,W0621_2013,W0621,2013,1,2,2013,2012,W0621_2012,F,8,Female with dependent offspring,27.41,1,5.916418318,0.510844906
198,350,W0622_2006,W0622,2006,1,1,2006,2005,W0622_2005,F,1,Offspring accompanying mother,7.58,1,0.330851194,-0.875026006
199,351,W0622_2009,W0622,2009,1,2,2009,2008,W0622_2008,F,4,Solitary female,13.05,1,1.871600169,-0.28108133
200,352,W0622_2010,W0622,2010,2,2,2010,2009,W0622_2009,F,5,Solitary female,4.67,2,-0.488815994,-0.083099771
201,353,W0623_2006,W0623,2006,2,1,2006,2005,W0623_2005,F,1,Offspring accompanying mother,5.4,2,-0.283195015,-0.875026006
202,354,W0623_2009,W0623,2009,2,2,2009,2008,W0623_2008,F,4,Solitary female,9.14,2,0.770260408,-0.28108133
203,355,W0623_2011,W0623,2011,1,2,2011,2010,W0623_2010,F,6,Female with dependent offspring,10.91,1,1.268820862,0.114881788
206,366,W0625_2009,W0625,2009,1,2,2009,2008,W0625_2008,M,6,Solitary male,8.36,1,0.550555801,0.114881788
207,367,W0625_2010,W0625,2010,2,2,2010,2009,W0625_2009,M,7,Solitary male,3.76,2,-0.745138035,0.312863347
208,368,W0625_2011,W0625,2011,1,2,2011,2010,W0625_2010,M,8,Solitary male,6.96,1,0.156214199,0.510844906
209,369,W0625_2012,W0625,2012,1,2,2012,2011,W0625_2011,M,9,Solitary male,5.52,1,-0.249394307,0.708826465
211,372,W0626_2006,W0626,2006,2,1,2006,2005,W0626_2005,F,6,Female with dependent offspring,4.21,2,-0.618385377,0.114881788
212,373,W0626_2007,W0626,2007,2,1,2007,2006,W0626_2006,F,7,Solitary female,3.04,2,-0.947942288,0.312863347
213,375,W0701_2007,W0701,2007,1,2,2007,2006,W0701_2006,F,1,Offspring accompanying mother,9.56,1,0.888562889,-0.875026006
214,376,W0702_2007,W0702,2007,1,2,2007,2006,W0702_2006,F,1,Offspring accompanying mother,9.94,1,0.995598466,-0.875026006
215,378,W0703_2007,W0703,2007,1,1,2007,2006,W0703_2006,F,1,Offspring accompanying mother,5.73,1,-0.190243066,-0.875026006
216,379,W0703_2009,W0703,2009,2,2,2009,2008,W0703_2008,F,3,Solitary female,6.48,2,0.021011364,-0.479062889
217,380,W0703_2010,W0703,2010,2,2,2010,2009,W0703_2009,F,4,Solitary female,3.55,2,-0.804289276,-0.28108133
218,381,W0703_2011,W0703,2011,1,2,2011,2010,W0703_2010,F,5,Solitary female,4.3,1,-0.593034846,-0.083099771
219,383,W0705_2007,W0705,2007,0,1,2007,2006,W0705_2006,M,1,Offspring accompanying mother,4.62,0,-0.502899622,-0.875026006
220,384,W0706_2007,W0706,2007,1,1,2007,2006,W0706_2006,F,1,Offspring accompanying mother,4.62,1,-0.502899622,-0.875026006
221,385,W0706_2010,W0706,2010,2,2,2010,2009,W0706_2009,F,4,Solitary female,5.43,2,-0.274744838,-0.28108133
223,390,W0707_2007,W0707,2007,2,1,2007,2006,W0707_2006,F,1,Offspring accompanying mother,4.33,2,-0.584584669,-0.875026006
224,391,W0708_2007,W0708,2007,0,2,2007,2006,W0708_2006,M,1,Offspring accompanying mother,10.47,0,1.14488493,-0.875026006
225,392,W0709_2007,W0709,2007,1,2,2007,2006,W0709_2006,F,1,Offspring accompanying mother,11.65,1,1.477258566,-0.875026006
226,393,W0710_2007,W0710,2007,1,2,2007,2006,W0710_2006,M,1,Offspring accompanying mother,7.74,1,0.375918806,-0.875026006
227,394,W0711_2007,W0711,2007,1,1,2007,2006,W0711_2006,M,1,Offspring accompanying mother,4.62,1,-0.502899622,-0.875026006
228,398,W0713_2010,W0713,2010,2,2,2010,2009,W0713_2009,F,4,Solitary female,6.82,2,0.116780038,-0.28108133
229,399,W0713_2013,W0713,2013,2,2,2013,2012,W0713_2012,F,7,Solitary female,24.06,2,4.972815198,0.312863347
230,400,W0713_2015,W0713,2015,0,2,2015,2014,W0713_2014,F,9,Female with dependent offspring,16.66,0,2.888438158,0.708826465
231,401,W0716_2010,W0716,2010,2,2,2010,2009,W0716_2009,F,9,Female with dependent offspring,14.58,2,2.302559206,0.708826465
236,409,W0718_2009,W0718,2009,2,2,2009,2008,W0718_2008,M,9,Solitary male,9.15,2,0.773077134,0.708826465
237,410,W0718_2009,W0718,2009,2,2,2009,2008,W0718_2008,M,9,Solitary male,10.57,2,1.173052187,0.708826465
238,411,W0718_2009,W0718,2009,1,2,2009,2008,W0718_2008,M,9,Solitary male,9.15,1,0.773077134,0.708826465
239,412,W0718_2009,W0718,2009,1,2,2009,2008,W0718_2008,M,9,Solitary male,10.57,1,1.173052187,0.708826465
242,417,W0719_2010,W0719,2010,2,2,2010,2009,W0719_2009,M,8,Solitary male,3.99,2,-0.680353343,0.510844906
243,418,W0719_2011,W0719,2011,1,2,2011,2010,W0719_2010,M,9,Solitary male,8.1,1,0.477320932,0.708826465
248,429,W0802_2009,W0802,2009,1,2,2009,2008,W0802_2008,M,6,Solitary male,10.39,1,1.122351124,0.114881788
249,430,W0802_2010,W0802,2010,1,2,2010,2009,W0802_2009,M,7,Solitary male,7.63,1,0.344934823,0.312863347
250,431,W0802_2011,W0802,2011,2,2,2011,2010,W0802_2010,M,8,Solitary male,6.91,2,0.14213057,0.510844906
251,435,W0805_2009,W0805,2009,2,2,2009,2008,W0805_2008,M,7,Solitary male,10,2,1.012498821,0.312863347
252,436,W0805_2010,W0805,2010,2,2,2010,2009,W0805_2009,M,8,Solitary male,11.22,2,1.35613936,0.510844906
253,437,W0805_2011,W0805,2011,2,2,2011,2010,W0805_2010,M,9,Solitary male,9.88,2,0.978698112,0.708826465
256,441,W0806_2009,W0806,2009,2,2,2009,2008,W0806_2008,F,2,Solitary female,15.51,2,2.564514699,-0.677044447
257,442,W0806_2010,W0806,2010,2,2,2010,2009,W0806_2009,F,3,Solitary female,6.34,2,-0.018422797,-0.479062889
258,443,W0806_2011,W0806,2011,2,2,2011,2010,W0806_2010,F,4,Solitary female,9.63,2,0.908279969,-0.28108133
259,444,W0806_2012,W0806,2012,1,2,2012,2011,W0806_2011,F,5,Solitary female,6.74,1,0.094246233,-0.083099771
260,445,W0806_2013,W0806,2013,0,2,2013,2012,W0806_2012,F,6,Solitary female,6.16,0,-0.06912386,0.114881788
261,449,W0808_2009,W0808,2009,2,2,2009,2008,W0808_2008,M,2,Offspring accompanying mother,8.41,2,0.56463943,-0.677044447
262,451,W0809_2009,W0809,2009,1,2,2009,2008,W0809_2008,M,2,Offspring accompanying mother,6.65,1,0.068895701,-0.677044447
263,453,W0810_2009,W0810,2009,2,2,2009,2008,W0810_2008,M,2,Offspring accompanying mother,8.09,2,0.474504206,-0.677044447
264,454,W0810_2010,W0810,2010,2,2,2010,2009,W0810_2009,M,3,Solitary male,5.69,2,-0.201509969,-0.479062889
265,455,W0810_2011,W0810,2011,1,2,2011,2010,W0810_2010,M,4,Solitary male,4.86,1,-0.435298205,-0.28108133
266,457,W0811_2009,W0811,2009,2,2,2009,2008,W0811_2008,M,2,Offspring accompanying mother,9.97,2,1.004048644,-0.677044447
267,458,W0811_2010,W0811,2010,2,2,2010,2009,W0811_2009,M,3,Solitary male,4.38,2,-0.57050104,-0.479062889
268,459,W0811_2011,W0811,2011,2,2,2011,2010,W0811_2010,M,4,Solitary male,5.75,2,-0.184609615,-0.28108133
269,460,W0811_2012,W0811,2012,1,2,2012,2011,W0811_2011,M,5,Solitary male,5.01,1,-0.393047319,-0.083099771
270,461,W0811_2013,W0811,2013,1,2,2013,2012,W0811_2012,M,6,Solitary male,4.78,1,-0.457832011,0.114881788
271,463,W0812_2009,W0812,2009,2,2,2009,2008,W0812_2008,M,2,Offspring accompanying mother,11.08,2,1.3167052,-0.677044447
272,464,W0812_2010,W0812,2010,2,2,2010,2009,W0812_2009,M,3,Solitary male,5.35,2,-0.297278644,-0.479062889
273,465,W0812_2011,W0812,2011,2,2,2011,2010,W0812_2010,M,4,Solitary male,9.64,2,0.911096694,-0.28108133
274,466,W0812_2012,W0812,2012,1,2,2012,2011,W0812_2011,M,5,Solitary male,3.98,1,-0.683170069,-0.083099771
275,467,W0812_2013,W0812,2013,1,2,2013,2012,W0812_2012,M,6,Solitary male,5.16,1,-0.350796433,0.114881788
276,468,W0813_2009,W0813,2009,2,2,2009,2008,W0813_2008,F,2,Solitary female,11.15,2,1.33642228,-0.677044447
277,470,W0814_2009,W0814,2009,2,2,2009,2008,W0814_2008,F,2,Solitary female,10.48,2,1.147701656,-0.677044447
278,475,W0818_2009,W0818,2009,2,2,2009,2008,W0818_2008,F,2,Solitary female,9.59,2,0.897013066,-0.677044447
279,476,W0818_2011,W0818,2011,2,2,2011,2010,W0818_2010,F,4,Solitary female,6.11,2,-0.083207489,-0.28108133
280,477,W0818_2012,W0818,2012,1,2,2012,2011,W0818_2011,F,5,Solitary female,6.01,1,-0.111374746,-0.083099771
281,478,W0818_2013,W0818,2013,2,2,2013,2012,W0818_2012,F,6,Solitary female,3.8,2,-0.733871132,0.114881788
282,480,W0818_2016,W0818,2016,0,2,2016,2015,W0818_2015,F,9,Solitary female,7.11,0,0.198465085,0.708826465
283,484,W0820_2009,W0820,2009,1,2,2009,2008,W0820_2008,F,2,Solitary female,12.95,1,1.843432911,-0.677044447
284,485,W0820_2010,W0820,2010,2,2,2010,2009,W0820_2009,F,3,Solitary female,12.34,2,1.671612642,-0.479062889
285,486,W0820_2011,W0820,2011,2,2,2011,2010,W0820_2010,F,4,Solitary female,7.69,2,0.361835177,-0.28108133
286,487,W0820_2012,W0820,2012,2,2,2012,2011,W0820_2011,F,5,Solitary female,4.79,2,-0.455015285,-0.083099771
287,492,W0824_2009,W0824,2009,2,2,2009,2008,W0824_2008,M,2,Solitary male,6.89,2,0.136497118,-0.677044447
288,493,W0824_2011,W0824,2011,2,2,2011,2010,W0824_2010,M,4,Solitary male,5.05,2,-0.381780416,-0.28108133
289,495,W0825_2009,W0825,2009,2,2,2009,2008,W0825_2008,F,2,Solitary female,15.36,2,2.522263813,-0.677044447
290,496,W0825_2012,W0825,2012,2,2,2012,2011,W0825_2011,F,5,Solitary female,6.06,2,-0.097291117,-0.083099771
291,497,W0825_2013,W0825,2013,2,2,2013,2012,W0825_2012,F,6,Solitary female,7.38,2,0.274516679,0.114881788
293,501,W0827_2009,W0827,2009,2,2,2009,2008,W0827_2008,M,5,Solitary male,7.76,2,0.381552257,-0.083099771
294,502,W0827_2010,W0827,2010,2,2,2010,2009,W0827_2009,M,6,Solitary male,4.1,2,-0.64936936,0.114881788
295,503,W0901_2009,W0901,2009,1,2,2009,2008,W0901_2008,M,1,Offspring accompanying mother,10.93,1,1.274454314,-0.875026006
296,504,W0901_2010,W0901,2010,1,2,2010,2009,W0901_2009,M,2,Offspring accompanying mother,4.56,1,-0.519799977,-0.677044447
297,505,W0901_2011,W0901,2011,1,2,2011,2010,W0901_2010,M,3,Solitary male,6.57,1,0.046361895,-0.479062889
298,506,W0902_2009,W0902,2009,0,2,2009,2008,W0902_2008,M,1,Offspring accompanying mother,7.92,0,0.426619869,-0.875026006
299,507,W0902_2010,W0902,2010,2,2,2010,2009,W0902_2009,M,2,Offspring accompanying mother,4.87,2,-0.432481479,-0.677044447
300,508,W0902_2011,W0902,2011,1,2,2011,2010,W0902_2010,M,3,Solitary male,4.12,1,-0.643735909,-0.479062889
301,509,W0903_2009,W0903,2009,0,2,2009,2008,W0903_2008,M,1,Offspring accompanying mother,14.12,0,2.172989822,-0.875026006
302,510,W0903_2010,W0903,2010,1,2,2010,2009,W0903_2009,M,2,Offspring accompanying mother,4.85,1,-0.438114931,-0.677044447
303,511,W0903_2011,W0903,2011,2,2,2011,2010,W0903_2010,M,3,Solitary male,7.44,2,0.291417034,-0.479062889
304,512,W0904_2009,W0904,2009,0,2,2009,2008,W0904_2008,F,1,Offspring accompanying mother,10.68,0,1.20403617,-0.875026006
305,513,W0904_2010,W0904,2010,2,2,2010,2009,W0904_2009,F,2,Offspring accompanying mother,4.92,2,-0.418397851,-0.677044447
306,514,W0904_2012,W0904,2012,2,2,2012,2011,W0904_2011,F,4,Solitary female,4.39,2,-0.567684314,-0.28108133
307,515,W0905_2009,W0905,2009,1,2,2009,2008,W0905_2008,M,1,Offspring accompanying mother,10.37,1,1.116717673,-0.875026006
308,516,W0906_2009,W0906,2009,1,2,2009,2008,W0906_2008,M,1,Offspring accompanying mother,11.67,1,1.482892018,-0.875026006
309,517,W0907_2009,W0907,2009,1,2,2009,2008,W0907_2008,M,1,Offspring accompanying mother,9.76,1,0.944897403,-0.875026006
310,518,W0907_2010,W0907,2010,2,2,2010,2009,W0907_2009,M,2,Offspring accompanying mother,6.46,2,0.015377912,-0.677044447
311,519,W0908_2009,W0908,2009,1,2,2009,2008,W0908_2008,M,1,Offspring accompanying mother,13,1,1.85751654,-0.875026006
312,520,W0908_2010,W0908,2010,1,2,2010,2009,W0908_2009,M,2,Offspring accompanying mother,5.52,1,-0.249394307,-0.677044447
313,521,W0908_2012,W0908,2012,1,2,2012,2011,W0908_2011,M,4,Solitary male,6.58,1,0.049178621,-0.28108133
314,522,W0908_2013,W0908,2013,1,2,2013,2012,W0908_2012,M,5,Solitary male,4.57,1,-0.516983251,-0.083099771
315,524,W0909_2009,W0909,2009,1,2,2009,2008,W0909_2008,M,1,Offspring accompanying mother,10.39,1,1.122351124,-0.875026006
316,525,W0909_2010,W0909,2010,1,2,2010,2009,W0909_2009,M,2,Offspring accompanying mother,6.74,1,0.094246233,-0.677044447
317,526,W0910_2009,W0910,2009,2,2,2009,2008,W0910_2008,M,1,Offspring accompanying mother,13.58,2,2.020886632,-0.875026006
318,527,W0910_2011,W0910,2011,2,2,2011,2010,W0910_2010,M,3,Solitary male,8.35,2,0.547739075,-0.479062889
319,528,W0910_2012,W0910,2012,1,2,2012,2011,W0910_2011,M,4,Solitary male,4.71,1,-0.477549091,-0.28108133
320,529,W0910_2013,W0910,2013,2,2,2013,2012,W0910_2012,M,5,Solitary male,2.75,2,-1.029627334,-0.083099771
321,531,W0911_2009,W0911,2009,1,2,2009,2008,W0911_2008,M,1,Offspring accompanying mother,15.55,1,2.575781601,-0.875026006
322,532,W0912_2009,W0912,2009,2,2,2009,2008,W0912_2008,M,1,Offspring accompanying mother,9.24,2,0.798427665,-0.875026006
323,533,W0915_2009,W0915,2009,1,2,2009,2008,W0915_2008,M,7,Solitary male,5.31,1,-0.308545547,0.312863347
324,534,W0916_2009,W0916,2009,2,2,2009,2008,W0916_2008,M,4,Solitary male,7.77,2,0.384368983,-0.28108133
325,535,W0917_2009,W0917,2009,1,2,2009,2008,W0917_2008,M,6,Solitary male,6.53,1,0.035094992,0.114881788
328,538,W1002_2010,W1002,2010,2,2,2010,2009,W1002_2009,M,1,Offspring accompanying mother,7.2,2,0.223815616,-0.875026006
329,539,W1003_2010,W1003,2010,2,2,2010,2009,W1003_2009,M,1,Offspring accompanying mother,6.64,2,0.066078975,-0.875026006
330,540,W1004_2010,W1004,2010,1,2,2010,2009,W1004_2009,M,1,Offspring accompanying mother,11.82,1,1.525142904,-0.875026006
331,541,W1005_2010,W1005,2010,2,2,2010,2009,W1005_2009,M,1,Offspring accompanying mother,11.77,2,1.511059275,-0.875026006
332,542,W1005_2011,W1005,2011,2,2,2011,2010,W1005_2010,M,2,Offspring accompanying mother,7.11,2,0.198465085,-0.677044447
333,543,W1006_2010,W1006,2010,2,2,2010,2009,W1006_2009,F,1,Offspring accompanying mother,9.59,2,0.897013066,-0.875026006
334,544,W1006_2011,W1006,2011,2,2,2011,2010,W1006_2010,F,2,Offspring accompanying mother,7.84,2,0.404086063,-0.677044447
335,545,W1007_2010,W1007,2010,2,2,2010,2009,W1007_2009,M,1,Offspring accompanying mother,8.89,2,0.699842265,-0.875026006
336,546,W1008_2010,W1008,2010,2,2,2010,2009,W1008_2009,M,1,Offspring accompanying mother,8.96,2,0.719559345,-0.875026006
337,547,W1009_2010,W1009,2010,2,2,2010,2009,W1009_2009,F,1,Offspring accompanying mother,12.87,2,1.820899106,-0.875026006
338,548,W1010_2010,W1010,2010,0,2,2010,2009,W1010_2009,M,1,Offspring accompanying mother,9.38,0,0.837861825,-0.875026006
339,549,W1010_2012,W1010,2012,1,2,2012,2011,W1010_2011,M,3,Solitary male,7.16,1,0.212548713,-0.479062889
340,550,W1011_2010,W1011,2010,1,2,2010,2009,W1011_2009,F,1,Offspring accompanying mother,8.78,1,0.668858282,-0.875026006
341,551,W1011_2013,W1011,2013,1,2,2013,2012,W1011_2012,F,4,Solitary female,4.34,1,-0.581767943,-0.28108133
342,555,W1012_2010,W1012,2010,1,2,2010,2009,W1012_2009,M,1,Offspring accompanying mother,10.2,1,1.068833335,-0.875026006
343,556,W1013_2010,W1013,2010,2,2,2010,2009,W1013_2009,M,1,Offspring accompanying mother,6.32,2,-0.024056248,-0.875026006
344,557,W1014_2010,W1014,2010,1,2,2010,2009,W1014_2009,M,1,Offspring accompanying mother,10.27,1,1.088550416,-0.875026006
345,558,W1015_2010,W1015,2010,1,2,2010,2009,W1015_2009,M,1,Offspring accompanying mother,9.34,1,0.826594923,-0.875026006
346,559,W1016_2010,W1016,2010,1,2,2010,2009,W1016_2009,M,1,Offspring accompanying mother,6.9,1,0.139313844,-0.875026006
347,560,W1017_2010,W1017,2010,1,2,2010,2009,W1017_2009,F,1,Offspring accompanying mother,7.9,1,0.420986417,-0.875026006
348,561,W1017_2013,W1017,2013,1,2,2013,2012,W1017_2012,F,4,Solitary female,4.93,1,-0.415581125,-0.28108133
349,563,W1017_2016,W1017,2016,0,2,2016,2015,W1017_2015,F,7,Female with dependent offspring,8.51,0,0.592806687,0.312863347
350,566,W1019_2010,W1019,2010,2,2,2010,2009,W1019_2009,M,6,Solitary male,5.01,2,-0.393047319,0.114881788
351,567,W1019_2011,W1019,2011,2,2,2011,2010,W1019_2010,M,7,Solitary male,7.21,2,0.226632342,0.312863347
352,568,W1019_2012,W1019,2012,0,2,2012,2011,W1019_2011,M,8,Solitary male,6.69,0,0.080162604,0.510844906
353,569,W1020_2010,W1020,2010,1,2,2010,2009,W1020_2009,M,6,Solitary male,3.42,1,-0.84090671,0.114881788
354,570,W1020_2011,W1020,2011,2,2,2011,2010,W1020_2010,M,7,Solitary male,7.71,2,0.367468628,0.312863347
355,571,W1101_2011,W1101,2011,2,2,2011,2010,W1101_2010,M,1,Offspring accompanying mother,8.52,2,0.595623413,-0.875026006
356,572,W1102_2011,W1102,2011,2,2,2011,2010,W1102_2010,M,1,Offspring accompanying mother,8.12,2,0.482954383,-0.875026006
357,573,W1103_2011,W1103,2011,2,2,2011,2010,W1103_2010,M,1,Offspring accompanying mother,8.1,2,0.477320932,-0.875026006
358,574,W1103_2012,W1103,2012,1,2,2012,2011,W1103_2011,M,2,Solitary male,4.25,1,-0.607118474,-0.677044447
359,575,W1103_2013,W1103,2013,0,2,2013,2012,W1103_2012,M,3,Solitary male,1.87,0,-1.277499198,-0.479062889
360,576,W1104_2011,W1104,2011,1,2,2011,2010,W1104_2010,F,1,Offspring accompanying mother,10.2,1,1.068833335,-0.875026006
361,577,W1105_2011,W1105,2011,1,2,2011,2010,W1105_2010,F,1,Offspring accompanying mother,9.67,1,0.919546872,-0.875026006
362,579,W1106_2011,W1106,2011,1,2,2011,2010,W1106_2010,F,1,Offspring accompanying mother,14.14,1,2.178623273,-0.875026006
363,580,W1107_2011,W1107,2011,0,2,2011,2010,W1107_2010,M,1,Offspring accompanying mother,9.8,0,0.956164306,-0.875026006
364,581,W1108_2011,W1108,2011,0,2,2011,2010,W1108_2010,M,1,Offspring accompanying mother,13.37,0,1.961735392,-0.875026006
365,582,W1109_2011,W1109,2011,1,2,2011,2010,W1109_2010,M,1,Offspring accompanying mother,11.99,1,1.573027241,-0.875026006
366,583,W1110_2011,W1110,2011,1,2,2011,2010,W1110_2010,F,1,Offspring accompanying mother,12.01,1,1.578660693,-0.875026006
367,585,W1110_2015,W1110,2015,0,2,2015,2014,W1110_2014,F,5,Solitary female,4.7,0,-0.480365817,-0.083099771
368,586,W1110_2016,W1110,2016,2,2,2016,2015,W1110_2015,F,6,Solitary female,7.51,2,0.311134114,0.114881788
369,588,W1111_2011,W1111,2011,2,2,2011,2010,W1111_2010,F,1,Offspring accompanying mother,11.45,2,1.420924052,-0.875026006
370,589,W1112_2011,W1112,2011,1,2,2011,2010,W1112_2010,F,1,Offspring accompanying mother,10.33,1,1.10545077,-0.875026006
371,590,W1112_2016,W1112,2016,0,2,2016,2015,W1112_2015,F,6,Female with dependent offspring,7.77,0,0.384368983,0.114881788
372,591,W1113_2011,W1113,2011,1,2,2011,2010,W1113_2010,M,1,Offspring accompanying mother,12.07,1,1.595561047,-0.875026006
373,592,W1114_2011,W1114,2011,1,2,2011,2010,W1114_2010,F,1,Offspring accompanying mother,10.81,1,1.240653605,-0.875026006
374,593,W1201_2012,W1201,2012,1,2,2012,2011,W1201_2011,M,3,Solitary male,2.16,1,-1.195814152,-0.479062889
375,596,W1203_2013,W1203,2013,0,2,2013,2012,W1203_2012,F,5,Solitary female,3.11,0,-0.928225208,-0.083099771
376,598,W1203_2016,W1203,2016,0,2,2016,2015,W1203_2015,F,8,Female with dependent offspring,7.05,0,0.18156473,0.510844906
377,603,W1204_2012,W1204,2012,1,2,2012,2011,W1204_2011,M,1,Offspring accompanying mother,11.18,1,1.344872457,-0.875026006
378,606,W1205_2012,W1205,2012,0,2,2012,2011,W1205_2011,F,1,Offspring accompanying mother,10.08,0,1.035032627,-0.875026006
379,607,W1205_2013,W1205,2013,1,2,2013,2012,W1205_2012,F,2,Offspring accompanying mother,2.43,1,-1.119762557,-0.677044447
380,609,W1205_2015,W1205,2015,0,2,2015,2014,W1205_2014,F,4,Solitary female,6.26,0,-0.040956603,-0.28108133
381,613,W1206_2012,W1206,2012,1,2,2012,2011,W1206_2011,F,1,Offspring accompanying mother,9.33,1,0.823778197,-0.875026006
382,614,W1206_2013,W1206,2013,0,2,2013,2012,W1206_2012,F,2,Offspring accompanying mother,3.88,0,-0.711337327,-0.677044447
383,616,W1206_2015,W1206,2015,0,2,2015,2014,W1206_2014,F,4,Solitary female,6.33,0,-0.021239522,-0.28108133
384,617,W1206_2016,W1206,2016,2,2,2016,2015,W1206_2015,F,5,Solitary female,4.64,2,-0.497266171,-0.083099771
385,619,W1207_2012,W1207,2012,1,2,2012,2011,W1207_2011,M,1,Offspring accompanying mother,10.11,1,1.043482804,-0.875026006
386,620,W1208_2012,W1208,2012,2,2,2012,2011,W1208_2011,M,3,Solitary male,7.23,2,0.232265793,-0.479062889
387,621,W1209_2012,W1209,2012,1,2,2012,2011,W1209_2011,F,1,Offspring accompanying mother,9.71,1,0.930813775,-0.875026006
388,622,W1209_2016,W1209,2016,0,2,2016,2015,W1209_2015,F,5,Solitary female,8.57,0,0.609707041,-0.083099771
389,625,W1210_2013,W1210,2013,2,2,2013,2012,W1210_2012,M,5,Solitary male,7.01,2,0.170297827,-0.083099771
391,629,W1301_2013,W1301,2013,2,2,2013,2012,W1301_2012,M,1,Offspring accompanying mother,8.03,2,0.457603852,-0.875026006
392,631,W1302_2013,W1302,2013,1,2,2013,2012,W1302_2012,M,1,Offspring accompanying mother,9.64,1,0.911096694,-0.875026006
393,633,W1303_2013,W1303,2013,1,2,2013,2012,W1303_2012,F,1,Offspring accompanying mother,7.66,1,0.353385,-0.875026006
394,635,W1304_2013,W1304,2013,1,2,2013,2012,W1304_2012,F,1,Offspring accompanying mother,12.79,1,1.7983653,-0.875026006
395,637,W1304_2016,W1304,2016,0,2,2016,2015,W1304_2015,F,4,Solitary female,7.32,0,0.257616325,-0.28108133
396,642,W1305_2013,W1305,2013,1,2,2013,2012,W1305_2012,F,1,Offspring accompanying mother,9.81,1,0.958981032,-0.875026006
397,644,W1305_2016,W1305,2016,0,2,2016,2015,W1305_2015,F,4,Solitary female,6.98,0,0.16184765,-0.28108133
398,645,W1306_2013,W1306,2013,2,2,2013,2012,W1306_2012,M,1,Offspring accompanying mother,8.84,2,0.685758636,-0.875026006
399,646,W1307_2013,W1307,2013,1,2,2013,2012,W1307_2012,M,1,Offspring accompanying mother,12.35,1,1.674429368,-0.875026006
400,648,W1308_2013,W1308,2013,2,2,2013,2012,W1308_2012,M,1,Offspring accompanying mother,11.34,2,1.389940069,-0.875026006
401,650,W1309_2013,W1309,2013,0,2,2013,2012,W1309_2012,F,1,Offspring accompanying mother,10.79,0,1.235020154,-0.875026006
402,651,W1310_2013,W1310,2013,1,2,2013,2012,W1310_2012,F,1,Offspring accompanying mother,9.72,1,0.9336305,-0.875026006
403,655,W1311_2013,W1311,2013,0,2,2013,2012,W1311_2012,F,1,Offspring accompanying mother,6.95,0,0.153397473,-0.875026006
404,659,W1312_2013,W1312,2013,1,2,2013,2012,W1312_2012,M,5,Solitary male,8.82,1,0.680125185,-0.083099771
405,662,W1314_2013,W1314,2013,0,2,2013,2012,W1314_2012,M,4,Solitary male,5.14,0,-0.356429884,-0.28108133
406,664,W1315_2013,W1315,2013,1,2,2013,2012,W1315_2012,F,1,Offspring accompanying mother,8.01,1,0.4519704,-0.875026006
407,665,W1316_2013,W1316,2013,1,2,2013,2012,W1316_2012,M,1,Offspring accompanying mother,9.81,1,0.958981032,-0.875026006
408,667,W1317_2013,W1317,2013,1,2,2013,2012,W1317_2012,M,1,Offspring accompanying mother,7.77,1,0.384368983,-0.875026006
409,669,W1318_2013,W1318,2013,1,2,2013,2012,W1318_2012,M,8,Solitary male,4.89,1,-0.426848028,0.510844906
410,671,W1319_2016,W1319,2016,0,2,2016,2015,W1319_2015,F,7,Female with dependent offspring,10.22,0,1.074466787,0.312863347
411,674,W1320_2012,W1320,2012,1,2,2012,2011,W1320_2011,M,5,Solitary male,5.54,1,-0.243760855,-0.083099771
412,683,W1408_2016,W1408,2016,1,2,2016,2015,W1408_2015,F,3,Solitary female,5.18,1,-0.345162982,-0.479062889
413,724,W1614_2016,W1614,2016,0,2,2016,2015,W1614_2015,F,1,Offspring accompanying mother,13.02,0,1.863149992,-0.875026006
416,876,W8807_1990,W8807,1990,2,1,1990,1989,W8807_1989,M,6,Solitary male,3.35,2,-0.86062379,0.114881788
417,877,W8807_1992,W8807,1992,2,1,1992,1991,W8807_1991,M,8,Solitary male,3.35,2,-0.86062379,0.510844906
423,884,W8808_1990,W8808,1990,2,1,1990,1989,W8808_1989,F,9,Female with dependent offspring,3.64,2,-0.778938744,0.708826465
437,898,W8905_1996,W8905,1996,0,1,1996,1995,W8905_1995,F,9,Female with dependent offspring,4.37,0,-0.573317766,0.708826465
445,906,W9001_1992,W9001,1992,1,1,1992,1991,W9001_1991,F,8,Female with dependent offspring,3.64,1,-0.778938744,0.510844906
446,907,W9002_1995,W9002,1995,2,1,1995,1994,W9002_1994,M,6,Solitary male,2.87,2,-0.995826625,0.114881788
447,908,W9003_1992,W9003,1992,2,1,1992,1991,W9003_1991,F,3,Solitary female,3.64,2,-0.778938744,-0.479062889
448,909,W9003_1996,W9003,1996,0,1,1996,1995,W9003_1995,F,7,Female with dependent offspring,4.55,0,-0.522616703,0.312863347
449,910,W9003_1997,W9003,1997,0,1,1997,1996,W9003_1996,F,8,Female with dependent offspring,3.64,0,-0.778938744,0.510844906
452,913,W9005_1992,W9005,1992,1,1,1992,1991,W9005_1991,M,3,Solitary male,3.35,1,-0.86062379,-0.479062889
453,915,W9006_1994,W9006,1994,2,1,1994,1993,W9006_1993,M,5,Solitary male,2.86,2,-0.998643351,-0.083099771
454,916,W9006_1996,W9006,1996,0,1,1996,1995,W9006_1995,M,7,Solitary male,3.09,0,-0.933858659,0.312863347
455,917,W9006_1998,W9006,1998,2,1,1998,1997,W9006_1997,M,9,Solitary male,3.35,2,-0.86062379,0.708826465
457,920,W9007_1994,W9007,1994,2,1,1994,1993,W9007_1993,F,8,Female with dependent offspring,4.19,2,-0.624018829,0.510844906
462,931,W9101_1992,W9101,1992,1,1,1992,1991,W9101_1991,F,2,Solitary female,3.64,1,-0.778938744,-0.677044447
463,932,W9101_1994,W9101,1994,2,1,1994,1993,W9101_1993,F,4,Solitary female,3.47,2,-0.826823081,-0.28108133
464,933,W9101_1995,W9101,1995,1,1,1995,1994,W9101_1994,F,5,Solitary female,3.99,1,-0.680353343,-0.083099771
465,934,W9101_1997,W9101,1997,0,1,1997,1996,W9101_1996,F,7,Solitary female,2.29,0,-1.159196718,0.312863347
466,935,W9101_1998,W9101,1998,2,1,1998,1997,W9101_1997,F,8,Female with dependent offspring,3.64,2,-0.778938744,0.510844906
469,940,W9202_1995,W9202,1995,2,1,1995,1994,W9202_1994,M,4,Solitary male,3.54,2,-0.807106001,-0.28108133
470,941,W9202_1996,W9202,1996,0,1,1996,1995,W9202_1995,M,5,Solitary male,2.53,0,-1.0915953,-0.083099771
471,942,W9202_1997,W9202,1997,0,1,1997,1996,W9202_1996,M,6,Solitary male,2.55,0,-1.085961849,0.114881788
472,943,W9202_1998,W9202,1998,2,1,1998,1997,W9202_1997,M,7,Solitary male,2.62,2,-1.066244769,0.312863347
473,944,W9203_1992,W9203,1992,1,1,1992,1991,W9203_1991,F,1,Offspring accompanying mother,3.64,1,-0.778938744,-0.875026006
474,946,W9205_1992,W9205,1992,2,1,1992,1991,W9205_1991,M,1,Offspring accompanying mother,3.35,2,-0.86062379,-0.875026006
475,947,W9206_1992,W9206,1992,1,1,1992,1991,W9206_1991,M,1,Offspring accompanying mother,3.35,1,-0.86062379,-0.875026006
476,948,W9206_1997,W9206,1997,0,1,1997,1996,W9206_1996,M,6,Solitary male,3.35,0,-0.86062379,0.114881788
477,949,W9207_1992,W9207,1992,1,1,1992,1991,W9207_1991,F,1,Offspring accompanying mother,3.64,1,-0.778938744,-0.875026006
478,950,W9207_1996,W9207,1996,0,1,1996,1995,W9207_1995,F,5,Female with dependent offspring,4.59,0,-0.5113498,-0.083099771
479,951,W9208_1992,W9208,1992,1,1,1992,1991,W9208_1991,F,1,Offspring accompanying mother,3.64,1,-0.778938744,-0.875026006
480,952,W9208_1993,W9208,1993,2,1,1993,1992,W9208_1992,F,2,Solitary female,3.64,2,-0.778938744,-0.677044447
481,953,W9208_1994,W9208,1994,2,1,1994,1993,W9208_1993,F,3,Solitary female,4.04,2,-0.666269715,-0.479062889
482,954,W9208_1996,W9208,1996,0,1,1996,1995,W9208_1995,F,5,Solitary female,3.53,0,-0.809922727,-0.083099771
483,955,W9208_1997,W9208,1997,0,1,1997,1996,W9208_1996,F,6,Female with dependent offspring,3.64,0,-0.778938744,0.114881788
484,956,W9301_1994,W9301,1994,2,1,1994,1993,W9301_1993,M,5,Solitary male,2.99,2,-0.962025917,-0.083099771
485,957,W9301_1998,W9301,1998,0,1,1998,1997,W9301_1997,M,9,Solitary male,2.75,0,-1.029627334,0.708826465
493,966,W9304_1994,W9304,1994,1,1,1994,1993,W9304_1993,M,3,Solitary male,2.13,1,-1.204264329,-0.479062889
494,967,W9305_1993,W9305,1993,2,1,1993,1992,W9305_1992,M,1,Offspring accompanying mother,3.35,2,-0.86062379,-0.875026006
495,968,W9306_1995,W9306,1995,1,1,1995,1994,W9306_1994,F,3,Solitary female,3.63,1,-0.78175547,-0.479062889
496,969,W9306_1996,W9306,1996,0,1,1996,1995,W9306_1995,F,4,Solitary female,2.51,0,-1.097228752,-0.28108133
497,970,W9306_1998,W9306,1998,1,1,1998,1997,W9306_1997,F,6,Female with dependent offspring,3.32,1,-0.869073967,0.114881788
498,971,W9307_1996,W9307,1996,0,1,1996,1995,W9307_1995,F,4,Solitary female,3.74,0,-0.750771487,-0.28108133
499,972,W9307_1997,W9307,1997,0,1,1997,1996,W9307_1996,F,5,Solitary female,3.64,0,-0.778938744,-0.083099771
500,973,W9307_2000,W9307,2000,2,1,2000,1999,W9307_1999,F,8,Female with dependent offspring,4.87,2,-0.432481479,0.510844906
502,976,W9308_1996,W9308,1996,0,1,1996,1995,W9308_1995,F,8,Solitary female,2.71,0,-1.040894237,0.510844906
507,981,W9310_1996,W9310,1996,0,1,1996,1995,W9310_1995,F,4,Solitary female,3.06,0,-0.942308836,-0.28108133
508,982,W9310_1998,W9310,1998,2,1,1998,1997,W9310_1997,F,6,Female with dependent offspring,3.37,2,-0.854990339,0.114881788
509,983,W9310_2000,W9310,2000,2,1,2000,1999,W9310_1999,F,8,Female with dependent offspring,4.32,2,-0.587401394,0.510844906
511,985,W9311_1995,W9311,1995,0,1,1995,1994,W9311_1994,M,3,Solitary male,4.22,0,-0.615568652,-0.479062889
512,986,W9311_1996,W9311,1996,0,1,1996,1995,W9311_1995,M,4,Solitary male,1.76,0,-1.308483181,-0.28108133
513,987,W9311_1997,W9311,1997,0,1,1997,1996,W9311_1996,M,5,Solitary male,2.83,0,-1.007093528,-0.083099771
514,988,W9311_1999,W9311,1999,1,1,1999,1998,W9311_1998,M,7,Solitary male,2.66,1,-1.054977866,0.312863347
515,989,W9311_2001,W9311,2001,2,1,2001,2000,W9311_2000,M,9,Solitary male,3.48,2,-0.824006356,0.708826465
519,993,W9401_1996,W9401,1996,0,1,1996,1995,W9401_1995,M,3,Solitary male,3.04,0,-0.947942288,-0.479062889
520,994,W9401_1997,W9401,1997,0,1,1997,1996,W9401_1996,M,4,Solitary male,2.95,0,-0.973292819,-0.28108133
521,995,W9401_2001,W9401,2001,2,1,2001,2000,W9401_2000,M,8,Solitary male,3.97,2,-0.685986795,0.510844906
523,997,W9402_1994,W9402,1994,1,1,1994,1993,W9402_1993,F,1,Offspring accompanying mother,4.36,1,-0.576134491,-0.875026006
524,998,W9402_1995,W9402,1995,2,1,1995,1994,W9402_1994,F,2,Solitary female,4.8,2,-0.452198559,-0.677044447
525,999,W9402_1997,W9402,1997,0,1,1997,1996,W9402_1996,F,4,Solitary female,2.31,0,-1.153563266,-0.28108133
526,1000,W9403_1994,W9403,1994,1,1,1994,1993,W9403_1993,F,1,Offspring accompanying mother,4.39,1,-0.567684314,-0.875026006
527,1001,W9403_1996,W9403,1996,1,1,1996,1995,W9403_1995,F,3,Solitary female,3.6,1,-0.790205647,-0.479062889
528,1002,W9403_1997,W9403,1997,0,1,1997,1996,W9403_1996,F,4,Solitary female,2.19,0,-1.187363975,-0.28108133
529,1003,W9403_2000,W9403,2000,2,1,2000,1999,W9403_1999,F,7,Female with dependent offspring,3.94,2,-0.694436972,0.312863347
537,1014,W9404_1996,W9404,1996,2,1,1996,1995,W9404_1995,F,3,Solitary female,3.14,2,-0.919775031,-0.479062889
538,1015,W9404_1997,W9404,1997,0,1,1997,1996,W9404_1996,F,4,Solitary female,2.67,0,-1.05216114,-0.28108133
539,1016,W9404_1999,W9404,1999,2,1,1999,1998,W9404_1998,F,6,Female with dependent offspring,4.33,2,-0.584584669,0.114881788
541,1019,W9406_1994,W9406,1994,1,1,1994,1993,W9406_1993,F,1,Offspring accompanying mother,3.64,1,-0.778938744,-0.875026006
542,1020,W9407_1995,W9407,1995,1,1,1995,1994,W9407_1994,M,2,Solitary male,3.91,1,-0.702887149,-0.677044447
543,1021,W9407_1996,W9407,1996,1,1,1996,1995,W9407_1995,M,3,Solitary male,3.58,1,-0.795839098,-0.479062889
544,1022,W9408_1994,W9408,1994,1,1,1994,1993,W9408_1993,F,1,Offspring accompanying mother,3.64,1,-0.778938744,-0.875026006
545,1023,W9502_1995,W9502,1995,0,1,1995,1994,W9502_1994,F,1,Offspring accompanying mother,3.54,0,-0.807106001,-0.875026006
546,1024,W9502_1998,W9502,1998,0,1,1998,1997,W9502_1997,F,4,Solitary female,2.96,0,-0.970476094,-0.28108133
547,1025,W9502_2000,W9502,2000,2,1,2000,1999,W9502_1999,F,6,Female with dependent offspring,3.87,2,-0.714154052,0.114881788
549,1028,W9503_1995,W9503,1995,0,1,1995,1994,W9503_1994,F,1,Offspring accompanying mother,3.92,0,-0.700070424,-0.875026006
550,1029,W9503_1996,W9503,1996,1,1,1996,1995,W9503_1995,F,2,Solitary female,4.56,1,-0.519799977,-0.677044447
551,1030,W9503_1998,W9503,1998,0,1,1998,1997,W9503_1997,F,4,Solitary female,2.62,0,-1.066244769,-0.28108133
552,1031,W9504_1995,W9504,1995,0,1,1995,1994,W9504_1994,F,1,Offspring accompanying mother,4.05,0,-0.663452989,-0.875026006
553,1032,W9504_1996,W9504,1996,2,1,1996,1995,W9504_1995,F,2,Solitary female,3.76,2,-0.745138035,-0.677044447
554,1033,W9504_1997,W9504,1997,0,1,1997,1996,W9504_1996,F,3,Solitary female,3.44,0,-0.835273259,-0.479062889
555,1034,W9504_2000,W9504,2000,2,1,2000,1999,W9504_1999,F,6,Female with dependent offspring,4.69,2,-0.483182542,0.114881788
556,1035,W9505_1996,W9505,1996,2,1,1996,1995,W9505_1995,M,8,Solitary male,2.76,2,-1.026810608,0.510844906
557,1036,W9505_1997,W9505,1997,0,1,1997,1996,W9505_1996,M,9,Solitary male,3.87,0,-0.714154052,0.708826465
559,1039,W9506_1995,W9506,1995,0,1,1995,1994,W9506_1994,M,1,Offspring accompanying mother,5.12,0,-0.362063336,-0.875026006
560,1040,W9506_1997,W9506,1997,0,1,1997,1996,W9506_1996,M,3,Solitary male,3.05,0,-0.945125562,-0.479062889
561,1041,W9506_1998,W9506,1998,0,1,1998,1997,W9506_1997,M,4,Solitary male,2.21,0,-1.181730524,-0.28108133
562,1042,W9506_1999,W9506,1999,2,1,1999,1998,W9506_1998,M,5,Solitary male,2.38,2,-1.133846186,-0.083099771
563,1043,W9507_1995,W9507,1995,2,1,1995,1994,W9507_1994,F,1,Offspring accompanying mother,3.62,2,-0.784572196,-0.875026006
564,1044,W9507_1996,W9507,1996,2,1,1996,1995,W9507_1995,F,2,Solitary female,4.94,2,-0.412764399,-0.677044447
565,1045,W9507_1997,W9507,1997,0,1,1997,1996,W9507_1996,F,3,Solitary female,3.24,0,-0.891607773,-0.479062889
566,1046,W9507_1998,W9507,1998,2,1,1998,1997,W9507_1997,F,4,Solitary female,2.77,2,-1.023993883,-0.28108133
567,1047,W9507_1999,W9507,1999,2,1,1999,1998,W9507_1998,F,5,Solitary female,3.38,2,-0.852173613,-0.083099771
568,1048,W9508_1995,W9508,1995,2,1,1995,1994,W9508_1994,M,1,Offspring accompanying mother,5.4,2,-0.283195015,-0.875026006
569,1049,W9508_1996,W9508,1996,2,1,1996,1995,W9508_1995,M,2,Solitary male,4.66,2,-0.49163272,-0.677044447
570,1050,W9508_1997,W9508,1997,0,1,1997,1996,W9508_1996,M,3,Solitary male,2.89,0,-0.990193174,-0.479062889
571,1051,W9508_1998,W9508,1998,0,1,1998,1997,W9508_1997,M,4,Solitary male,2.66,0,-1.054977866,-0.28108133
572,1052,W9509_1995,W9509,1995,2,1,1995,1994,W9509_1994,M,1,Offspring accompanying mother,4.7,2,-0.480365817,-0.875026006
573,1053,W9509_1996,W9509,1996,1,1,1996,1995,W9509_1995,M,2,Solitary male,4.41,1,-0.562050863,-0.677044447
574,1054,W9510_1995,W9510,1995,2,1,1995,1994,W9510_1994,M,1,Offspring accompanying mother,3.23,2,-0.894424499,-0.875026006
575,1055,W9510_1996,W9510,1996,2,1,1996,1995,W9510_1995,M,2,Solitary male,3.78,2,-0.739504584,-0.677044447
576,1056,W9510_1997,W9510,1997,0,1,1997,1996,W9510_1996,M,3,Solitary male,2.62,0,-1.066244769,-0.479062889
578,1058,W9601_1996,W9601,1996,1,1,1996,1995,W9601_1995,F,1,Offspring accompanying mother,4.54,1,-0.525433428,-0.875026006
579,1059,W9601_1997,W9601,1997,0,1,1997,1996,W9601_1996,F,2,Solitary female,2.99,0,-0.962025917,-0.677044447
580,1060,W9601_1998,W9601,1998,2,1,1998,1997,W9601_1997,F,3,Solitary female,3.09,2,-0.933858659,-0.479062889
581,1061,W9602_1996,W9602,1996,1,1,1996,1995,W9602_1995,F,1,Offspring accompanying mother,4.39,1,-0.567684314,-0.875026006
582,1062,W9602_1997,W9602,1997,0,1,1997,1996,W9602_1996,F,2,Solitary female,2.31,0,-1.153563266,-0.677044447
583,1063,W9603_1996,W9603,1996,1,1,1996,1995,W9603_1995,M,1,Offspring accompanying mother,4,1,-0.677536618,-0.875026006
584,1064,W9605_1996,W9605,1996,1,1,1996,1995,W9605_1995,F,1,Offspring accompanying mother,3.88,1,-0.711337327,-0.875026006
585,1065,W9605_1997,W9605,1997,0,1,1997,1996,W9605_1996,F,2,Offspring accompanying mother,2.32,0,-1.150746541,-0.677044447
586,1066,W9605_1998,W9605,1998,1,1,1998,1997,W9605_1997,F,3,Solitary female,2.44,1,-1.116945832,-0.479062889
587,1067,W9606_1996,W9606,1996,1,1,1996,1995,W9606_1995,F,1,Offspring accompanying mother,4.51,1,-0.533883605,-0.875026006
588,1068,W9607_1996,W9607,1996,1,1,1996,1995,W9607_1995,F,1,Offspring accompanying mother,4.33,1,-0.584584669,-0.875026006
589,1069,W9608_1996,W9608,1996,0,1,1996,1995,W9608_1995,M,1,Offspring accompanying mother,4.63,0,-0.500082897,-0.875026006
590,1070,W9608_1998,W9608,1998,0,1,1998,1997,W9608_1997,M,3,Solitary male,3.29,0,-0.877524145,-0.479062889
591,1071,W9609_1996,W9609,1996,0,1,1996,1995,W9609_1995,M,1,Offspring accompanying mother,4.95,0,-0.409947673,-0.875026006
592,1072,W9609_1997,W9609,1997,0,1,1997,1996,W9609_1996,M,2,Solitary male,3.77,0,-0.74232131,-0.677044447
593,1073,W9609_1998,W9609,1998,2,1,1998,1997,W9609_1997,M,3,Solitary male,3.32,2,-0.869073967,-0.479062889
594,1074,W9610_1996,W9610,1996,0,1,1996,1995,W9610_1995,M,1,Offspring accompanying mother,5.54,0,-0.243760855,-0.875026006
595,1075,W9610_1998,W9610,1998,2,1,1998,1997,W9610_1997,M,3,Solitary male,3.16,2,-0.914141579,-0.479062889
596,1076,W9611_1997,W9611,1997,0,1,1997,1996,W9611_1996,M,2,Solitary male,4,0,-0.677536618,-0.677044447
597,1077,W9611_1998,W9611,1998,2,1,1998,1997,W9611_1997,M,3,Solitary male,3.38,2,-0.852173613,-0.479062889
598,1078,W9611_1999,W9611,1999,2,1,1999,1998,W9611_1998,M,4,Solitary male,4.9,2,-0.424031302,-0.28108133
599,1079,W9612_1996,W9612,1996,0,1,1996,1995,W9612_1995,M,1,Offspring accompanying mother,3.89,0,-0.708520601,-0.875026006
600,1080,W9612_1997,W9612,1997,0,1,1997,1996,W9612_1996,M,2,Solitary male,3.85,0,-0.719787504,-0.677044447
601,1081,W9612_1998,W9612,1998,2,1,1998,1997,W9612_1997,M,3,Solitary male,3.3,2,-0.874707419,-0.479062889
602,1082,W9612_1999,W9612,1999,2,1,1999,1998,W9612_1998,M,4,Solitary male,3.35,2,-0.86062379,-0.28108133
603,1083,W9613_1996,W9613,1996,1,1,1996,1995,W9613_1995,F,1,Offspring accompanying mother,5.53,1,-0.246577581,-0.875026006
604,1084,W9614_1996,W9614,1996,1,1,1996,1995,W9614_1995,M,1,Offspring accompanying mother,4.79,1,-0.455015285,-0.875026006
605,1085,W9614_1998,W9614,1998,2,1,1998,1997,W9614_1997,M,3,Solitary male,3.33,2,-0.866257242,-0.479062889
606,1086,W9615_1996,W9615,1996,1,1,1996,1995,W9615_1995,F,1,Offspring accompanying mother,5.77,1,-0.178976163,-0.875026006
607,1087,W9615_2003,W9615,2003,2,1,2003,2002,W9615_2002,F,8,Female with dependent offspring,4.58,2,-0.514166525,0.510844906
612,1092,W9701_1997,W9701,1997,0,1,1997,1996,W9701_1996,M,1,Offspring accompanying mother,4.98,0,-0.401497496,-0.875026006
613,1093,W9702_1997,W9702,1997,0,1,1997,1996,W9702_1996,M,1,Offspring accompanying mother,4.31,0,-0.59021812,-0.875026006
614,1094,W9703_1997,W9703,1997,0,1,1997,1996,W9703_1996,F,1,Offspring accompanying mother,3.75,0,-0.747954761,-0.875026006
615,1095,W9704_1997,W9704,1997,0,1,1997,1996,W9704_1996,M,1,Offspring accompanying mother,3.33,0,-0.866257242,-0.875026006
616,1096,W9705_1997,W9705,1997,0,1,1997,1996,W9705_1996,M,1,Offspring accompanying mother,2.5,0,-1.100045477,-0.875026006
617,1097,W9801_1998,W9801,1998,1,1,1998,1997,W9801_1997,M,1,Offspring accompanying mother,4.11,1,-0.646552635,-0.875026006
619,1099,W9803_1998,W9803,1998,2,1,1998,1997,W9803_1997,F,1,Offspring accompanying mother,3.65,2,-0.776122018,-0.875026006
620,1100,W9804_1998,W9804,1998,2,1,1998,1997,W9804_1997,F,1,Offspring accompanying mother,4.18,2,-0.626835555,-0.875026006
621,1101,W9804_2001,W9804,2001,2,1,2001,2000,W9804_2000,F,4,Solitary female,4.53,2,-0.528250154,-0.28108133
622,1102,W9804_2003,W9804,2003,1,2,2003,2002,W9804_2002,F,6,Female with dependent offspring,16.2,1,2.758868774,0.114881788
623,1103,W9804_2005,W9804,2005,2,1,2005,2004,W9804_2004,F,8,Female with dependent offspring,4.45,2,-0.55078396,0.510844906
624,1104,W9805_1998,W9805,1998,2,1,1998,1997,W9805_1997,F,1,Offspring accompanying mother,4.69,2,-0.483182542,-0.875026006
625,1106,W9806_1999,W9806,1999,2,1,1999,1998,W9806_1998,F,3,Solitary female,4.53,2,-0.528250154,-0.479062889
626,1107,W9806_2000,W9806,2000,2,1,2000,1999,W9806_1999,F,4,Solitary female,9.85,2,0.970247935,-0.28108133
627,1108,W9806_2005,W9806,2005,2,1,2005,2004,W9806_2004,F,9,Female with dependent offspring,5.18,2,-0.345162982,0.708826465
630,1112,W9808_1998,W9808,1998,1,1,1998,1997,W9808_1997,F,1,Offspring accompanying mother,4.65,1,-0.494449445,-0.875026006
631,1114,W9809_1998,W9809,1998,0,1,1998,1997,W9809_1997,M,1,Offspring accompanying mother,3.81,0,-0.731054407,-0.875026006
634,1118,W9812_1998,W9812,1998,1,1,1998,1997,W9812_1997,F,1,Offspring accompanying mother,5.36,1,-0.294461918,-0.875026006
635,1119,W9812_1998,W9812,1998,1,1,1998,1997,W9812_1997,F,1,Offspring accompanying mother,3.56,1,-0.80147255,-0.875026006
636,1120,W9812_1998,W9812,1998,2,1,1998,1997,W9812_1997,F,1,Offspring accompanying mother,5.36,2,-0.294461918,-0.875026006
637,1121,W9812_1998,W9812,1998,2,1,1998,1997,W9812_1997,F,1,Offspring accompanying mother,3.56,2,-0.80147255,-0.875026006
638,1122,W9812_2000,W9812,2000,2,1,2000,1999,W9812_1999,F,3,Solitary female,3.86,2,-0.716970778,-0.479062889
639,1123,W9813_1998,W9813,1998,1,1,1998,1997,W9813_1997,M,1,Offspring accompanying mother,3.98,1,-0.683170069,-0.875026006
640,1124,W9814_1998,W9814,1998,1,1,1998,1997,W9814_1997,F,1,Offspring accompanying mother,4.23,1,-0.612751926,-0.875026006
641,1125,W9814_2001,W9814,2001,2,1,2001,2000,W9814_2000,F,4,Solitary female,4.33,2,-0.584584669,-0.28108133
642,1126,W9814_2004,W9814,2004,2,1,2004,2003,W9814_2003,F,7,Female with dependent offspring,3.81,2,-0.731054407,0.312863347
646,1130,W9901_1999,W9901,1999,2,1,1999,1998,W9901_1998,M,6,Solitary male,3.15,2,-0.916958305,0.114881788
647,1131,W9902_1999,W9902,1999,2,1,1999,1998,W9902_1998,F,1,Offspring accompanying mother,3.24,2,-0.891607773,-0.875026006
648,1133,W9903_2005,W9903,2005,0,1,2005,2004,W9903_2004,F,8,Female with dependent offspring,6.47,0,0.018194638,0.510844906
650,1138,W9904_1999,W9904,1999,0,1,1999,1998,W9904_1998,F,5,Female with dependent offspring,2.85,0,-1.001460077,-0.083099771
651,1139,W9905_1999,W9905,1999,2,1,1999,1998,W9905_1998,F,1,Offspring accompanying mother,3.01,2,-0.956392465,-0.875026006
652,1140,W9907_1999,W9907,1999,2,1,1999,1998,W9907_1998,M,1,Offspring accompanying mother,2.68,2,-1.049344414,-0.875026006
653,1142,W9908_1999,W9908,1999,2,1,1999,1998,W9908_1998,F,1,Offspring accompanying mother,4.13,2,-0.640919183,-0.875026006
654,1143,W9908_2000,W9908,2000,2,1,2000,1999,W9908_1999,F,2,Solitary female,3.3,2,-0.874707419,-0.677044447
658,1147,W9910_1999,W9910,1999,1,1,1999,1998,W9910_1998,F,1,Offspring accompanying mother,4.37,1,-0.573317766,-0.875026006
659,1148,W9911_1999,W9911,1999,2,1,1999,1998,W9911_1998,F,1,Offspring accompanying mother,4.42,2,-0.559234137,-0.875026006
660,1149,W9912_1999,W9912,1999,2,1,1999,1998,W9912_1998,F,1,Offspring accompanying mother,4.31,2,-0.59021812,-0.875026006
661,1150,W9913_1999,W9913,1999,2,1,1999,1998,W9913_1998,F,1,Offspring accompanying mother,4.17,2,-0.62965228,-0.875026006
662,1152,W9913_2004,W9913,2004,2,1,2004,2003,W9913_2003,F,6,Female with dependent offspring,2.7,2,-1.043710963,0.114881788
663,1153,W9913_2006,W9913,2006,2,1,2006,2005,W9913_2005,F,8,Female with dependent offspring,4.64,2,-0.497266171,0.510844906
664,1154,W9914_1999,W9914,1999,1,1,1999,1998,W9914_1998,F,1,Offspring accompanying mother,4.26,1,-0.604301749,-0.875026006
665,1156,W9914_2006,W9914,2006,2,1,2006,2005,W9914_2005,F,8,Female with dependent offspring,3.75,2,-0.747954761,0.510844906
668,1159,W9915_1999,W9915,1999,2,1,1999,1998,W9915_1998,M,1,Offspring accompanying mother,2.96,2,-0.970476094,-0.875026006
669,1160,W9916_1999,W9916,1999,2,1,1999,1998,W9916_1998,M,5,Solitary male,1.79,2,-1.300033004,-0.083099771
670,1164,W9917_1999,W9917,1999,1,1,1999,1998,W9917_1998,M,4,Solitary male,3.08,1,-0.936675385,-0.28108133
671,1165,W9918_1999,W9918,1999,2,1,1999,1998,W9918_1998,M,1,Offspring accompanying mother,3.87,2,-0.714154052,-0.875026006
672,1166,W9918_2000,W9918,2000,2,1,2000,1999,W9918_1999,M,2,Solitary male,4.38,2,-0.57050104,-0.677044447
673,1167,W9918_2001,W9918,2001,2,1,2001,2000,W9918_2000,M,3,Solitary male,3.43,2,-0.838089984,-0.479062889
674,1169,W9919_1999,W9919,1999,2,1,1999,1998,W9919_1998,F,1,Offspring accompanying mother,4.24,2,-0.6099352,-0.875026006
675,1170,W9920_1999,W9920,1999,2,1,1999,1998,W9920_1998,M,1,Offspring accompanying mother,3.27,2,-0.883157596,-0.875026006
676,1171,W9920_2000,W9920,2000,1,1,2000,1999,W9920_1999,M,2,Solitary male,5.23,1,-0.331079353,-0.677044447
677,1172,W9921_1999,W9921,1999,2,1,1999,1998,W9921_1998,M,8,Solitary male,2.45,2,-1.114129106,0.510844906
678,1173,W9921_2000,W9921,2000,2,1,2000,1999,W9921_1999,M,9,Solitary male,2.95,2,-0.973292819,0.708826465
679,1174,W9921_2000,W9921,2000,2,1,2000,1999,W9921_1999,M,9,Solitary male,3.46,2,-0.829639807,0.708826465
